Date,Symbol,Open,High,Low,Close,Vol
1/3/2016,ALICL,1200.0,1304.0,1224.0,1304.0,14289
1/4/2016,ALICL,1304.0,1300.0,1240.0,1275.0,9473
1/5/2016,ALICL,1275.0,1285.0,1245.0,1263.0,6802
1/6/2016,ALICL,1263.0,1248.0,1225.0,1235.0,2907
1/7/2016,ALICL,1235.0,1282.0,1240.0,1270.0,4752
1/10/2016,ALICL,1270.0,1270.0,1230.0,1230.0,3548
1/11/2016,ALICL,1230.0,1264.0,1240.0,1248.0,6249
1/12/2016,ALICL,1248.0,1265.0,1250.0,1252.0,4898
1/12/2016,ALICL,1248.0,1265.0,1250.0,1252.0,4898
1/13/2016,ALICL,1252.0,1261.0,1245.0,1250.0,5242
1/14/2016,ALICL,1250.0,1280.0,1250.0,1274.0,4423
1/17/2016,ALICL,1274.0,1300.0,1280.0,1300.0,20710
1/18/2016,ALICL,1300.0,1317.0,1270.0,1289.0,8538
1/19/2016,ALICL,1289.0,1290.0,1270.0,1280.0,2998
1/20/2016,ALICL,1280.0,1280.0,1265.0,1275.0,6079
1/21/2016,ALICL,1275.0,1300.0,1255.0,1295.0,4981
1/24/2016,ALICL,1295.0,1300.0,1285.0,1299.0,4757
1/25/2016,ALICL,1299.0,1326.0,1289.0,1300.0,7571
1/26/2016,ALICL,1300.0,1299.0,1280.0,1280.0,3006
1/27/2016,ALICL,1280.0,1285.0,1266.0,1266.0,3483
1/28/2016,ALICL,1266.0,1275.0,1270.0,1272.0,1101
1/31/2016,ALICL,1272.0,1270.0,1260.0,1265.0,1702
2/1/2016,ALICL,1265.0,1283.0,1270.0,1280.0,823
2/2/2016,ALICL,1280.0,1290.0,1261.0,1265.0,2797
2/3/2016,ALICL,1265.0,1280.0,1266.0,1275.0,1537
2/4/2016,ALICL,1275.0,1305.0,1275.0,1300.0,12298
2/7/2016,ALICL,1300.0,1385.0,1310.0,1371.0,36030
2/8/2016,ALICL,1371.0,1405.0,1350.0,1360.0,9586
2/11/2016,ALICL,1360.0,1355.0,1320.0,1330.0,3769
2/14/2016,ALICL,1330.0,1330.0,1300.0,1302.0,2907
2/15/2016,ALICL,1302.0,1328.0,1289.0,1328.0,5240
2/16/2016,ALICL,1328.0,1338.0,1302.0,1338.0,4317
2/17/2016,ALICL,1338.0,1361.0,1320.0,1340.0,4385
2/18/2016,ALICL,1340.0,1399.0,1320.0,1345.0,5800
2/21/2016,ALICL,1345.0,1371.0,1330.0,1331.0,2151
2/22/2016,ALICL,1331.0,1345.0,1325.0,1332.0,985
2/23/2016,ALICL,1332.0,1335.0,1325.0,1335.0,2649
2/25/2016,ALICL,1335.0,1310.0,1309.0,1310.0,300
2/28/2016,ALICL,1310.0,1345.0,1310.0,1345.0,783
2/29/2016,ALICL,1345.0,1339.0,1310.0,1339.0,3455
3/1/2016,ALICL,1339.0,1360.0,1315.0,1327.0,12995
3/2/2016,ALICL,1327.0,1345.0,1321.0,1334.0,1145
3/3/2016,ALICL,1334.0,1347.0,1331.0,1340.0,5744
3/6/2016,ALICL,1340.0,1375.0,1325.0,1360.0,10512
3/10/2016,ALICL,1360.0,1389.0,1363.0,1380.0,11297
3/13/2016,ALICL,1380.0,1400.0,1363.0,1390.0,9607
3/14/2016,ALICL,1390.0,1392.0,1377.0,1377.0,11542
3/15/2016,ALICL,1377.0,1395.0,1378.0,1380.0,950
3/16/2016,ALICL,1380.0,1387.0,1366.0,1380.0,3459
3/17/2016,ALICL,1380.0,1404.0,1370.0,1395.0,6614
3/20/2016,ALICL,1395.0,1465.0,1417.0,1450.0,9397
3/21/2016,ALICL,1450.0,1480.0,1446.0,1446.0,12290
3/23/2016,ALICL,1446.0,1465.0,1449.0,1465.0,6499
3/24/2016,ALICL,1465.0,1455.0,1445.0,1445.0,5119
3/27/2016,ALICL,1445.0,1450.0,1422.0,1445.0,6303
3/28/2016,ALICL,1445.0,1430.0,1412.0,1425.0,6429
3/29/2016,ALICL,1425.0,1439.0,1410.0,1415.0,3507
3/30/2016,ALICL,1415.0,1440.0,1361.0,1380.0,1389
3/31/2016,ALICL,1380.0,1390.0,1345.0,1370.0,3005
4/3/2016,ALICL,1370.0,1380.0,1340.0,1380.0,3267
4/4/2016,ALICL,1380.0,1375.0,1360.0,1365.0,1303
4/5/2016,ALICL,1365.0,1365.0,1350.0,1355.0,4150
4/6/2016,ALICL,1355.0,1381.0,1370.0,1375.0,823
4/10/2016,ALICL,1375.0,1364.0,1355.0,1360.0,897
4/11/2016,ALICL,1360.0,1362.0,1352.0,1352.0,285
4/12/2016,ALICL,1352.0,1355.0,1330.0,1340.0,3720
4/14/2016,ALICL,1340.0,1398.0,1273.0,1398.0,12262
4/17/2016,ALICL,1398.0,1400.0,1371.0,1390.0,1515
4/18/2016,ALICL,1390.0,1399.0,1380.0,1399.0,5575
4/19/2016,ALICL,1399.0,1410.0,1375.0,1399.0,5416
4/20/2016,ALICL,1399.0,1410.0,1399.0,1402.0,16903
4/21/2016,ALICL,1402.0,1404.0,1375.0,1404.0,3631
4/24/2016,ALICL,1404.0,1406.0,1381.0,1404.0,3409
4/25/2016,ALICL,1404.0,1410.0,1391.0,1410.0,2991
4/26/2016,ALICL,1410.0,1400.0,1387.0,1395.0,4279
4/27/2016,ALICL,1395.0,1419.0,1390.0,1419.0,6012
4/28/2016,ALICL,1419.0,1430.0,1393.0,1393.0,2387
5/2/2016,ALICL,1393.0,1420.0,1400.0,1400.0,669
5/3/2016,ALICL,1400.0,1405.0,1395.0,1405.0,3633
5/4/2016,ALICL,1405.0,1430.0,1381.0,1410.0,2995
5/5/2016,ALICL,1410.0,1410.0,1382.0,1400.0,2388
5/8/2016,ALICL,1400.0,1400.0,1375.0,1395.0,4152
5/9/2016,ALICL,1395.0,1402.0,1385.0,1395.0,8253
5/10/2016,ALICL,1395.0,1422.0,1390.0,1400.0,6252
5/11/2016,ALICL,1400.0,1419.0,1395.0,1419.0,6077
5/12/2016,ALICL,1419.0,1440.0,1404.0,1440.0,7405
5/15/2016,ALICL,1440.0,1445.0,1415.0,1415.0,3914
5/16/2016,ALICL,1415.0,1430.0,1400.0,1430.0,4608
5/17/2016,ALICL,1430.0,1425.0,1415.0,1420.0,4551
5/18/2016,ALICL,1420.0,1476.0,1440.0,1476.0,4331
5/19/2016,ALICL,1476.0,1489.0,1470.0,1480.0,3920
5/22/2016,ALICL,1480.0,1500.0,1451.0,1490.0,2813
5/23/2016,ALICL,1490.0,1500.0,1477.0,1491.0,4264
5/24/2016,ALICL,1491.0,1500.0,1470.0,1480.0,6737
5/25/2016,ALICL,1480.0,1500.0,1460.0,1460.0,5313
5/26/2016,ALICL,1460.0,1475.0,1412.0,1470.0,2250
5/29/2016,ALICL,1470.0,1477.0,1460.0,1460.0,4736
5/30/2016,ALICL,1460.0,1484.0,1453.0,1478.0,8201
5/31/2016,ALICL,1478.0,1490.0,1470.0,1470.0,7004
6/1/2016,ALICL,1470.0,1475.0,1460.0,1465.0,3566
6/2/2016,ALICL,1465.0,1465.0,1440.0,1444.0,2162
6/5/2016,ALICL,1444.0,1435.0,1400.0,1400.0,4786
6/6/2016,ALICL,1400.0,1428.0,1407.0,1410.0,575
6/7/2016,ALICL,1410.0,1448.0,1412.0,1434.0,4480
6/8/2016,ALICL,1434.0,1485.0,1440.0,1485.0,8101
6/9/2016,ALICL,1485.0,1610.0,1470.0,1575.0,21723
6/12/2016,ALICL,1575.0,1600.0,1515.0,1551.0,17744
6/13/2016,ALICL,1551.0,1585.0,1525.0,1585.0,24210
6/14/2016,ALICL,1585.0,1645.0,1590.0,1635.0,26431
6/15/2016,ALICL,1635.0,1755.0,1667.0,1745.0,32064
6/16/2016,ALICL,1745.0,1919.0,1779.0,1870.0,39483
6/19/2016,ALICL,1870.0,1900.0,1740.0,1790.0,28046
6/20/2016,ALICL,1790.0,1805.0,1700.0,1733.0,9451
6/21/2016,ALICL,1733.0,1775.0,1745.0,1770.0,6139
6/22/2016,ALICL,1770.0,1892.0,1770.0,1880.0,28042
6/23/2016,ALICL,1880.0,1989.0,1880.0,1880.0,31702
6/26/2016,ALICL,1880.0,1885.0,1845.0,1850.0,8974
6/27/2016,ALICL,1850.0,1860.0,1790.0,1790.0,10132
6/28/2016,ALICL,1790.0,1850.0,1760.0,1816.0,12863
6/29/2016,ALICL,1816.0,1880.0,1820.0,1820.0,7227
6/30/2016,ALICL,1820.0,1837.0,1821.0,1822.0,2998
7/3/2016,ALICL,1822.0,1820.0,1770.0,1770.0,8371
7/4/2016,ALICL,1770.0,1790.0,1751.0,1790.0,8086
7/5/2016,ALICL,1790.0,1790.0,1745.0,1790.0,4305
7/6/2016,ALICL,1790.0,1790.0,1750.0,1750.0,7831
7/10/2016,ALICL,1750.0,1780.0,1735.0,1758.0,8742
7/11/2016,ALICL,1758.0,1740.0,1715.0,1720.0,4437
7/12/2016,ALICL,1720.0,1730.0,1641.0,1695.0,4506
7/13/2016,ALICL,1695.0,1700.0,1653.0,1700.0,3960
7/14/2016,ALICL,1700.0,1750.0,1700.0,1710.0,4467
7/17/2016,ALICL,1710.0,1754.0,1657.0,1715.0,7656
7/18/2016,ALICL,1715.0,1886.0,1715.0,1886.0,7605
7/19/2016,ALICL,1886.0,1930.0,1785.0,1800.0,7339
7/20/2016,ALICL,1800.0,1830.0,1800.0,1815.0,12992
7/21/2016,ALICL,1815.0,1830.0,1790.0,1812.0,4188
7/25/2016,ALICL,1812.0,1855.0,1810.0,1836.0,19383
7/26/2016,ALICL,1836.0,1870.0,1840.0,1860.0,5801
7/27/2016,ALICL,1860.0,1890.0,1821.0,1840.0,9745
7/28/2016,ALICL,1840.0,1880.0,1815.0,1871.0,5123
7/31/2016,ALICL,1871.0,1881.0,1844.0,1850.0,12028
8/1/2016,ALICL,1850.0,1880.0,1830.0,1870.0,9300
8/2/2016,ALICL,1870.0,1880.0,1841.0,1860.0,9599
8/3/2016,ALICL,1860.0,1874.0,1803.0,1837.0,14180
8/4/2016,ALICL,1837.0,1835.0,1750.0,1770.0,6954
8/7/2016,ALICL,1770.0,1815.0,1753.0,1756.0,5026
8/8/2016,ALICL,1756.0,1726.0,1665.0,1665.0,3979
8/9/2016,ALICL,1665.0,1731.0,1698.0,1731.0,630
8/10/2016,ALICL,1731.0,1836.0,1696.0,1760.0,8352
8/11/2016,ALICL,1760.0,1770.0,1750.0,1764.0,3643
8/14/2016,ALICL,1764.0,1735.0,1699.0,1700.0,3154
8/15/2016,ALICL,1700.0,1666.0,1601.0,1630.0,3971
8/16/2016,ALICL,1630.0,1695.0,1595.0,1695.0,4907
8/17/2016,ALICL,1695.0,1728.0,1690.0,1707.0,3077
8/21/2016,ALICL,1707.0,1725.0,1650.0,1650.0,1173
8/22/2016,ALICL,1650.0,1650.0,1595.0,1595.0,3424
8/23/2016,ALICL,1595.0,1639.0,1588.0,1605.0,3078
8/24/2016,ALICL,1605.0,1765.0,1637.0,1764.0,5654
8/28/2016,ALICL,1764.0,1799.0,1730.0,1746.0,3103
8/29/2016,ALICL,1746.0,1780.0,1730.0,1745.0,1984
8/30/2016,ALICL,1745.0,1750.0,1711.0,1740.0,2183
8/31/2016,ALICL,1740.0,1749.0,1721.0,1721.0,1326
9/1/2016,ALICL,1721.0,1730.0,1711.0,1711.0,1850
9/3/2016,ALICL,1711.0,1730.0,1710.0,1730.0,1593
9/4/2016,ALICL,1711.0,1730.0,1710.0,1730.0,1593
9/5/2016,ALICL,1730.0,1725.0,1700.0,1725.0,3044
9/6/2016,ALICL,1725.0,1730.0,1705.0,1725.0,4382
9/7/2016,ALICL,1725.0,1735.0,1720.0,1720.0,3006
9/8/2016,ALICL,1720.0,1775.0,1720.0,1775.0,2847
9/11/2016,ALICL,1775.0,1810.0,1775.0,1775.0,5224
9/12/2016,ALICL,1775.0,1805.0,1772.0,1799.0,5974
9/14/2016,ALICL,1799.0,1820.0,1785.0,1805.0,5648
9/18/2016,ALICL,1805.0,1805.0,1735.0,1795.0,3226
9/20/2016,ALICL,1795.0,1790.0,1790.0,1790.0,100
9/21/2016,ALICL,1790.0,1790.0,1736.0,1745.0,3269
9/22/2016,ALICL,1745.0,1750.0,1725.0,1745.0,2752
9/25/2016,ALICL,1745.0,1745.0,1685.0,1700.0,1508
9/26/2016,ALICL,1700.0,1730.0,1690.0,1730.0,6243
9/27/2016,ALICL,1730.0,1745.0,1705.0,1730.0,934
9/28/2016,ALICL,1730.0,1720.0,1707.0,1720.0,348
9/29/2016,ALICL,1720.0,1720.0,1712.0,1715.0,995
10/2/2016,ALICL,1715.0,1720.0,1700.0,1720.0,655
10/3/2016,ALICL,1720.0,1740.0,1706.0,1726.0,1473
10/4/2016,ALICL,1726.0,1765.0,1750.0,1765.0,3684
10/5/2016,ALICL,1765.0,1755.0,1750.0,1755.0,155
10/6/2016,ALICL,1755.0,1775.0,1755.0,1763.0,549
10/16/2016,ALICL,1763.0,1779.0,1755.0,1779.0,157
10/17/2016,ALICL,1779.0,1750.0,1725.0,1736.0,4174
10/18/2016,ALICL,1736.0,1759.0,1715.0,1759.0,1943
10/19/2016,ALICL,1759.0,1742.0,1730.0,1731.0,1469
10/20/2016,ALICL,1731.0,1750.0,1730.0,1740.0,2392
10/23/2016,ALICL,1740.0,1760.0,1739.0,1740.0,169
10/24/2016,ALICL,1740.0,1740.0,1720.0,1740.0,1323
10/25/2016,ALICL,1740.0,1744.0,1712.0,1740.0,945
10/26/2016,ALICL,1740.0,1740.0,1715.0,1740.0,3416
10/27/2016,ALICL,1740.0,1720.0,1712.0,1712.0,272
11/3/2016,ALICL,1712.0,1712.0,1700.0,1700.0,101
11/7/2016,ALICL,1700.0,1760.0,1670.0,1735.0,4396
11/8/2016,ALICL,1735.0,1800.0,1760.0,1787.0,9803
11/9/2016,ALICL,1787.0,1783.0,1730.0,1760.0,5794
11/10/2016,ALICL,1760.0,1774.0,1730.0,1730.0,3797
11/13/2016,ALICL,1730.0,1740.0,1710.0,1740.0,2870
11/14/2016,ALICL,1740.0,1738.0,1716.0,1738.0,5512
11/15/2016,ALICL,1738.0,1743.0,1716.0,1716.0,1746
11/16/2016,ALICL,1716.0,1795.0,1725.0,1780.0,6002
11/17/2016,ALICL,1780.0,1760.0,1710.0,1735.0,6330
11/20/2016,ALICL,1735.0,1705.0,1642.0,1662.0,2327
11/21/2016,ALICL,1662.0,1700.0,1630.0,1680.0,2469
11/22/2016,ALICL,1680.0,1700.0,1653.0,1666.0,3577
11/23/2016,ALICL,1666.0,1650.0,1570.0,1580.0,1026
11/24/2016,ALICL,1580.0,1611.0,1450.0,1480.0,3482
11/27/2016,ALICL,1480.0,1470.0,1338.0,1338.0,1862
11/28/2016,ALICL,1338.0,1410.0,1205.0,1410.0,17926
11/29/2016,ALICL,1410.0,1479.0,1324.0,1479.0,16225
11/30/2016,ALICL,1479.0,1601.0,1448.0,1601.0,7540
12/1/2016,ALICL,1601.0,1600.0,1520.0,1580.0,7854
12/4/2016,ALICL,1580.0,1570.0,1489.0,1510.0,11384
12/5/2016,ALICL,1510.0,1521.0,1471.0,1475.0,10764
12/6/2016,ALICL,1475.0,1519.0,1472.0,1500.0,9130
12/7/2016,ALICL,1500.0,1539.0,1507.0,1507.0,2520
12/8/2016,ALICL,1507.0,1525.0,1464.0,1470.0,7060
12/11/2016,ALICL,1470.0,1499.0,1422.0,1450.0,6106
12/12/2016,ALICL,1450.0,1455.0,1420.0,1440.0,12735
12/14/2016,ALICL,1440.0,1468.0,1422.0,1450.0,3169
12/15/2016,ALICL,1450.0,1520.0,1455.0,1500.0,8580
12/18/2016,ALICL,1500.0,1525.0,1472.0,1525.0,5577
12/19/2016,ALICL,1525.0,1530.0,1488.0,1490.0,808
12/20/2016,ALICL,1490.0,1480.0,1451.0,1451.0,3083
12/21/2016,ALICL,1451.0,1451.0,1420.0,1420.0,6970
12/22/2016,ALICL,1420.0,1450.0,1420.0,1420.0,2723
12/26/2016,ALICL,1420.0,1410.0,1382.0,1384.0,3588
12/27/2016,ALICL,1384.0,1370.0,1304.0,1330.0,6532
12/28/2016,ALICL,1330.0,1383.0,1330.0,1377.0,3101
12/29/2016,ALICL,1377.0,1465.0,1369.0,1400.0,7869
1/1/2017,ALICL,1400.0,1428.0,1400.0,1410.0,7194
1/2/2017,ALICL,1410.0,1438.0,1405.0,1411.0,2672
1/3/2017,ALICL,1411.0,1411.0,1360.0,1375.0,2163
1/4/2017,ALICL,1375.0,1425.0,1374.0,1390.0,480
1/5/2017,ALICL,1390.0,1390.0,1375.0,1375.0,1940
1/8/2017,ALICL,1375.0,1390.0,1375.0,1390.0,1596
1/9/2017,ALICL,1390.0,1422.0,1366.0,1422.0,395
1/10/2017,ALICL,1422.0,1458.0,1408.0,1430.0,1429
1/11/2017,ALICL,1430.0,1458.0,1420.0,1420.0,1404
1/12/2017,ALICL,1420.0,1420.0,1400.0,1420.0,417
1/15/2017,ALICL,1420.0,1400.0,1392.0,1400.0,1429
1/16/2017,ALICL,1400.0,1400.0,1372.0,1385.0,2140
1/17/2017,ALICL,1385.0,1400.0,1360.0,1400.0,2447
1/18/2017,ALICL,1400.0,1393.0,1390.0,1390.0,783
1/19/2017,ALICL,1390.0,1400.0,1380.0,1380.0,3482
1/22/2017,ALICL,1380.0,1407.0,1380.0,1380.0,2230
1/23/2017,ALICL,1380.0,1377.0,1350.0,1360.0,3307
1/24/2017,ALICL,1360.0,1350.0,1320.0,1320.0,5175
1/25/2017,ALICL,1320.0,1320.0,1269.0,1269.0,1991
1/26/2017,ALICL,1269.0,1300.0,1245.0,1245.0,2837
1/30/2017,ALICL,1245.0,1244.0,1121.0,1121.0,12860
1/31/2017,ALICL,1121.0,1163.0,1056.0,1100.0,18638
2/1/2017,ALICL,1100.0,1173.0,1100.0,1173.0,6271
2/2/2017,ALICL,1173.0,1195.0,1128.0,1135.0,5617
2/5/2017,ALICL,1135.0,1160.0,1110.0,1130.0,2510
2/6/2017,ALICL,1130.0,1150.0,1110.0,1110.0,1826
2/7/2017,ALICL,1110.0,1110.0,1090.0,1090.0,889
2/8/2017,ALICL,1090.0,1095.0,1048.0,1075.0,6116
2/9/2017,ALICL,1075.0,1055.0,1014.0,1015.0,9101
2/12/2017,ALICL,1015.0,1035.0,956.0,956.0,6921
2/13/2017,ALICL,956.0,998.0,902.0,998.0,4789
2/14/2017,ALICL,998.0,1000.0,960.0,1000.0,4561
2/15/2017,ALICL,1000.0,1100.0,1015.0,1100.0,16582
2/16/2017,ALICL,1100.0,1185.0,1106.0,1178.0,17461
2/19/2017,ALICL,1178.0,1243.0,1125.0,1230.0,14697
2/20/2017,ALICL,1230.0,1290.0,1200.0,1230.0,17330
2/21/2017,ALICL,1230.0,1285.0,1201.0,1220.0,10922
2/22/2017,ALICL,1220.0,1219.0,1186.0,1188.0,4475
2/23/2017,ALICL,1188.0,1200.0,1176.0,1176.0,2277
2/26/2017,ALICL,1176.0,1156.0,1118.0,1118.0,3660
2/28/2017,ALICL,1118.0,1160.0,1096.0,1099.0,5208
3/1/2017,ALICL,1099.0,1160.0,1110.0,1160.0,2941
3/2/2017,ALICL,1160.0,1183.0,1140.0,1176.0,5593
3/5/2017,ALICL,1176.0,1263.0,1186.0,1250.0,8591
3/6/2017,ALICL,1250.0,1300.0,1250.0,1265.0,8299
3/7/2017,ALICL,1265.0,1255.0,1222.0,1228.0,8238
3/9/2017,ALICL,1228.0,1280.0,1235.0,1255.0,5881
3/13/2017,ALICL,1255.0,1305.0,1272.0,1296.0,11920
3/14/2017,ALICL,1296.0,1313.0,1274.0,1300.0,17526
3/15/2017,ALICL,1300.0,1304.0,1265.0,1299.0,29126
3/16/2017,ALICL,1083.0,1110.0,1085.0,1100.0,2331
3/19/2017,ALICL,1100.0,1150.0,1100.0,1149.0,3400
3/20/2017,ALICL,1149.0,1263.0,1162.0,1260.0,13133
3/21/2017,ALICL,1260.0,1280.0,1240.0,1258.0,11818
3/22/2017,ALICL,1258.0,1283.0,1220.0,1220.0,9258
3/23/2017,ALICL,1220.0,1244.0,1205.0,1220.0,3691
3/26/2017,ALICL,1220.0,1319.0,1197.0,1280.0,7798
3/28/2017,ALICL,1280.0,1350.0,1305.0,1348.0,7093
3/29/2017,ALICL,1348.0,1374.0,1300.0,1300.0,9747
3/30/2017,ALICL,1300.0,1345.0,1315.0,1325.0,1891
4/2/2017,ALICL,1325.0,1457.0,1351.0,1457.0,1010
4/3/2017,ALICL,1457.0,1602.0,1486.0,1580.0,52051
4/4/2017,ALICL,1580.0,1639.0,1520.0,1590.0,18912
4/6/2017,ALICL,1590.0,1610.0,1561.0,1595.0,20908
4/9/2017,ALICL,1595.0,1610.0,1580.0,1590.0,5539
4/10/2017,ALICL,1590.0,1630.0,1560.0,1611.0,28644
4/11/2017,ALICL,1611.0,1690.0,1615.0,1680.0,22809
4/12/2017,ALICL,1680.0,1709.0,1620.0,1620.0,23367
4/13/2017,ALICL,1620.0,1660.0,1590.0,1620.0,13242
4/16/2017,ALICL,1620.0,1620.0,1566.0,1566.0,7330
4/18/2017,ALICL,1566.0,1560.0,1447.0,1510.0,9177
4/19/2017,ALICL,1510.0,1618.0,1511.0,1610.0,6385
4/20/2017,ALICL,1610.0,1674.0,1600.0,1630.0,14439
4/23/2017,ALICL,1630.0,1695.0,1617.0,1660.0,10945
4/24/2017,ALICL,1660.0,1670.0,1615.0,1632.0,6965
4/25/2017,ALICL,1632.0,1640.0,1601.0,1625.0,8483
4/26/2017,ALICL,1625.0,1621.0,1600.0,1621.0,2485
4/27/2017,ALICL,1621.0,1629.0,1582.0,1601.0,3731
4/30/2017,ALICL,1601.0,1600.0,1560.0,1585.0,3298
5/2/2017,ALICL,1585.0,1620.0,1571.0,1594.0,3109
5/3/2017,ALICL,1594.0,1600.0,1575.0,1575.0,5939
5/4/2017,ALICL,1575.0,1575.0,1561.0,1567.0,2301
5/7/2017,ALICL,1567.0,1580.0,1550.0,1564.0,5864
5/8/2017,ALICL,1564.0,1565.0,1550.0,1563.0,2275
5/9/2017,ALICL,1563.0,1585.0,1551.0,1584.0,2027
5/11/2017,ALICL,1584.0,1608.0,1570.0,1570.0,4330
5/15/2017,ALICL,1570.0,1600.0,1560.0,1565.0,3390
5/16/2017,ALICL,1565.0,1585.0,1550.0,1561.0,2327
5/17/2017,ALICL,1561.0,1560.0,1552.0,1553.0,2757
5/18/2017,ALICL,1553.0,1555.0,1550.0,1555.0,1693
5/21/2017,ALICL,1555.0,1559.0,1510.0,1526.0,3530
5/22/2017,ALICL,1526.0,1522.0,1498.0,1510.0,6480
5/23/2017,ALICL,1510.0,1540.0,1510.0,1515.0,5255
5/24/2017,ALICL,1515.0,1535.0,1500.0,1534.0,2959
5/28/2017,ALICL,1534.0,1530.0,1505.0,1505.0,2562
5/30/2017,ALICL,1505.0,1505.0,1475.0,1475.0,6092
5/31/2017,ALICL,1475.0,1503.0,1452.0,1501.0,4552
6/1/2017,ALICL,1501.0,1500.0,1485.0,1489.0,3170
6/4/2017,ALICL,1489.0,1480.0,1455.0,1475.0,2727
6/5/2017,ALICL,1475.0,1498.0,1450.0,1491.0,2684
6/6/2017,ALICL,1491.0,1530.0,1500.0,1518.0,2531
6/7/2017,ALICL,1518.0,1530.0,1500.0,1506.0,4286
6/8/2017,ALICL,1506.0,1545.0,1510.0,1514.0,6924
6/11/2017,ALICL,1514.0,1503.0,1490.0,1490.0,8528
6/12/2017,ALICL,1490.0,1499.0,1446.0,1474.0,1370
6/13/2017,ALICL,1474.0,1490.0,1470.0,1476.0,580
6/14/2017,ALICL,1476.0,1504.0,1480.0,1490.0,2391
6/15/2017,ALICL,1490.0,1516.0,1480.0,1488.0,2169
6/18/2017,ALICL,1488.0,1519.0,1487.0,1500.0,5563
6/19/2017,ALICL,1500.0,1501.0,1470.0,1487.0,1339
6/20/2017,ALICL,1487.0,1500.0,1465.0,1480.0,864
6/21/2017,ALICL,1480.0,1500.0,1461.0,1465.0,1831
6/22/2017,ALICL,1465.0,1494.0,1466.0,1466.0,496
6/25/2017,ALICL,1466.0,1490.0,1466.0,1466.0,4317
6/27/2017,ALICL,1466.0,1489.0,1460.0,1487.0,2186
6/28/2017,ALICL,1487.0,1486.0,1475.0,1486.0,2202
7/2/2017,ALICL,1486.0,1485.0,1450.0,1450.0,1760
7/3/2017,ALICL,1450.0,1460.0,1450.0,1452.0,1298
7/4/2017,ALICL,1452.0,1469.0,1446.0,1446.0,988
7/5/2017,ALICL,1446.0,1455.0,1441.0,1455.0,3800
7/6/2017,ALICL,1455.0,1484.0,1445.0,1484.0,8837
7/9/2017,ALICL,1484.0,1512.0,1445.0,1473.0,5260
7/10/2017,ALICL,1473.0,1475.0,1445.0,1452.0,1904
7/11/2017,ALICL,1452.0,1480.0,1455.0,1470.0,5674
7/12/2017,ALICL,1470.0,1470.0,1460.0,1460.0,1930
7/13/2017,ALICL,1460.0,1465.0,1450.0,1458.0,6010
7/16/2017,ALICL,1458.0,1469.0,1445.0,1460.0,2404
7/17/2017,ALICL,1460.0,1490.0,1468.0,1480.0,1914
7/18/2017,ALICL,1480.0,1554.0,1481.0,1554.0,15229
7/19/2017,ALICL,1554.0,1565.0,1525.0,1530.0,10115
7/20/2017,ALICL,1530.0,1555.0,1530.0,1542.0,1731
7/23/2017,ALICL,1542.0,1600.0,1552.0,1574.0,8665
7/24/2017,ALICL,1574.0,1594.0,1570.0,1585.0,8700
7/25/2017,ALICL,1585.0,1634.0,1580.0,1634.0,19548
7/26/2017,ALICL,1634.0,1695.0,1635.0,1695.0,13266
7/27/2017,ALICL,1695.0,1723.0,1660.0,1667.0,8895
7/30/2017,ALICL,1667.0,1680.0,1639.0,1680.0,7398
7/31/2017,ALICL,1680.0,1670.0,1627.0,1631.0,4293
8/1/2017,ALICL,1631.0,1647.0,1625.0,1635.0,4029
8/2/2017,ALICL,1635.0,1645.0,1630.0,1631.0,1632
8/3/2017,ALICL,1631.0,1640.0,1599.0,1611.0,4116
8/6/2017,ALICL,1611.0,1600.0,1575.0,1587.0,5172
8/7/2017,ALICL,1587.0,1600.0,1587.0,1600.0,7566
8/9/2017,ALICL,1600.0,1630.0,1605.0,1628.0,11446
8/10/2017,ALICL,1628.0,1628.0,1597.0,1624.0,7625
8/13/2017,ALICL,1624.0,1615.0,1599.0,1601.0,5097
8/15/2017,ALICL,1601.0,1603.0,1580.0,1580.0,2096
8/16/2017,ALICL,1580.0,1600.0,1580.0,1593.0,8272
8/17/2017,ALICL,1593.0,1595.0,1579.0,1590.0,4066
8/20/2017,ALICL,1590.0,1590.0,1575.0,1585.0,2594
8/21/2017,ALICL,1585.0,1590.0,1575.0,1581.0,1180
8/22/2017,ALICL,1581.0,1612.0,1570.0,1600.0,3339
8/23/2017,ALICL,1600.0,1601.0,1588.0,1601.0,3050
8/24/2017,ALICL,1601.0,1620.0,1594.0,1613.0,1587
8/27/2017,ALICL,1613.0,1615.0,1590.0,1600.0,4425
8/28/2017,ALICL,1600.0,1600.0,1572.0,1600.0,1592
8/30/2017,ALICL,1600.0,1600.0,1580.0,1596.0,3018
8/31/2017,ALICL,1596.0,1596.0,1541.0,1555.0,3384
9/4/2017,ALICL,1555.0,1555.0,1500.0,1508.0,8672
9/6/2017,ALICL,1508.0,1549.0,1490.0,1535.0,708
9/7/2017,ALICL,1535.0,1565.0,1525.0,1550.0,2487
9/10/2017,ALICL,1550.0,1550.0,1505.0,1520.0,3205
9/11/2017,ALICL,1520.0,1525.0,1492.0,1514.0,5964
9/12/2017,ALICL,1514.0,1505.0,1460.0,1470.0,4496
9/13/2017,ALICL,1470.0,1495.0,1453.0,1461.0,5097
9/14/2017,ALICL,1461.0,1503.0,1450.0,1503.0,2164
9/17/2017,ALICL,1503.0,1533.0,1490.0,1508.0,11371
9/18/2017,ALICL,1508.0,1508.0,1490.0,1498.0,1626
9/20/2017,ALICL,1498.0,1500.0,1479.0,1489.0,1304
9/24/2017,ALICL,1489.0,1495.0,1490.0,1491.0,1710
9/25/2017,ALICL,1491.0,1499.0,1490.0,1492.0,1561
9/26/2017,ALICL,1492.0,1505.0,1498.0,1505.0,2383
10/3/2017,ALICL,1505.0,1505.0,1486.0,1495.0,870
10/4/2017,ALICL,1495.0,1500.0,1500.0,1500.0,345
10/8/2017,ALICL,1500.0,1471.0,1441.0,1441.0,2315
10/9/2017,ALICL,1441.0,1468.0,1440.0,1468.0,2804
10/10/2017,ALICL,1468.0,1485.0,1461.0,1465.0,514
10/11/2017,ALICL,1465.0,1470.0,1460.0,1460.0,1980
10/12/2017,ALICL,1460.0,1470.0,1463.0,1470.0,574
10/15/2017,ALICL,1470.0,1475.0,1450.0,1475.0,452
10/16/2017,ALICL,1475.0,1514.0,1473.0,1514.0,1914
10/17/2017,ALICL,1514.0,1538.0,1504.0,1519.0,1934
10/18/2017,ALICL,1519.0,1549.0,1501.0,1549.0,2688
10/22/2017,ALICL,1549.0,1577.0,1535.0,1535.0,119
10/23/2017,ALICL,1535.0,1549.0,1522.0,1530.0,872
10/24/2017,ALICL,1530.0,1510.0,1495.0,1510.0,713
10/25/2017,ALICL,1510.0,1520.0,1480.0,1520.0,3823
10/29/2017,ALICL,1520.0,1520.0,1490.0,1492.0,1720
10/30/2017,ALICL,1492.0,1490.0,1489.0,1490.0,186
10/31/2017,ALICL,1490.0,1515.0,1480.0,1480.0,478
11/1/2017,ALICL,1480.0,1461.0,1440.0,1456.0,2454
11/2/2017,ALICL,1456.0,1456.0,1435.0,1450.0,3583
11/5/2017,ALICL,1450.0,1445.0,1425.0,1426.0,5768
11/6/2017,ALICL,1426.0,1450.0,1421.0,1424.0,4142
11/7/2017,ALICL,1424.0,1430.0,1405.0,1425.0,2412
11/8/2017,ALICL,1425.0,1410.0,1390.0,1397.0,949
11/9/2017,ALICL,1397.0,1420.0,1366.0,1399.0,3336
11/12/2017,ALICL,1399.0,1407.0,1405.0,1407.0,250
11/13/2017,ALICL,1407.0,1437.0,1395.0,1437.0,5009
11/14/2017,ALICL,1437.0,1467.0,1432.0,1440.0,2327
11/15/2017,ALICL,1440.0,1435.0,1415.0,1435.0,1847
11/16/2017,ALICL,1435.0,1430.0,1420.0,1420.0,809
11/19/2017,ALICL,1420.0,1420.0,1380.0,1393.0,3164
11/20/2017,ALICL,1393.0,1410.0,1392.0,1410.0,1381
11/21/2017,ALICL,1410.0,1420.0,1390.0,1400.0,2527
11/22/2017,ALICL,1400.0,1405.0,1400.0,1405.0,1195
11/23/2017,ALICL,1405.0,1410.0,1400.0,1402.0,594
11/26/2017,ALICL,1402.0,1449.0,1400.0,1437.0,976
11/27/2017,ALICL,1437.0,1440.0,1410.0,1421.0,2335
11/28/2017,ALICL,1421.0,1435.0,1425.0,1425.0,613
11/29/2017,ALICL,1425.0,1468.0,1425.0,1440.0,636
11/30/2017,ALICL,1440.0,1468.0,1447.0,1460.0,991
12/4/2017,ALICL,1460.0,1449.0,1430.0,1440.0,626
12/5/2017,ALICL,1440.0,1485.0,1455.0,1485.0,4497
12/6/2017,ALICL,1485.0,1512.0,1482.0,1512.0,7248
12/10/2017,ALICL,1512.0,1500.0,1479.0,1499.0,1121
12/11/2017,ALICL,1499.0,1498.0,1453.0,1482.0,2054
12/12/2017,ALICL,1482.0,1455.0,1435.0,1437.0,1681
12/13/2017,ALICL,1437.0,1462.0,1435.0,1462.0,1248
12/14/2017,ALICL,1462.0,1460.0,1449.0,1449.0,2111
12/17/2017,ALICL,1449.0,1452.0,1440.0,1440.0,497
12/18/2017,ALICL,1440.0,1455.0,1438.0,1441.0,6659
12/19/2017,ALICL,1441.0,1449.0,1440.0,1449.0,846
12/20/2017,ALICL,1449.0,1440.0,1432.0,1433.0,1686
12/21/2017,ALICL,1433.0,1430.0,1410.0,1425.0,3110
12/24/2017,ALICL,1425.0,1450.0,1425.0,1425.0,1913
12/26/2017,ALICL,1425.0,1405.0,1393.0,1394.0,3234
12/27/2017,ALICL,1394.0,1399.0,1371.0,1380.0,4427
12/28/2017,ALICL,1380.0,1395.0,1360.0,1384.0,4164
12/31/2017,ALICL,1384.0,1380.0,1363.0,1372.0,760
1/1/2018,ALICL,1372.0,1404.0,1365.0,1403.0,4831
1/2/2018,ALICL,1403.0,1419.0,1380.0,1381.0,2506
1/3/2018,ALICL,1381.0,1381.0,1365.0,1366.0,870
1/4/2018,ALICL,1366.0,1380.0,1361.0,1361.0,3546
1/7/2018,ALICL,1361.0,1388.0,1344.0,1375.0,386
1/8/2018,ALICL,1375.0,1450.0,1399.0,1450.0,8299
1/9/2018,ALICL,1450.0,1452.0,1420.0,1420.0,6091
1/10/2018,ALICL,1420.0,1448.0,1391.0,1400.0,3810
1/14/2018,ALICL,1400.0,1401.0,1375.0,1383.0,2268
1/16/2018,ALICL,1383.0,1390.0,1359.0,1365.0,4454
1/17/2018,ALICL,1365.0,1353.0,1338.0,1339.0,8799
1/21/2018,ALICL,1339.0,1350.0,1316.0,1316.0,18945
1/22/2018,ALICL,911.0,911.0,885.0,891.0,2651
1/23/2018,ALICL,891.0,890.0,878.0,878.0,1075
1/24/2018,ALICL,878.0,880.0,878.0,879.0,1094
1/25/2018,ALICL,879.0,905.0,880.0,905.0,2893
1/28/2018,ALICL,905.0,905.0,880.0,887.0,2316
1/29/2018,ALICL,887.0,885.0,875.0,883.0,836
1/31/2018,ALICL,883.0,884.0,870.0,880.0,810
2/1/2018,ALICL,880.0,885.0,876.0,877.0,1447
2/4/2018,ALICL,877.0,880.0,872.0,872.0,1401
2/5/2018,ALICL,872.0,870.0,865.0,865.0,665
2/6/2018,ALICL,865.0,865.0,860.0,865.0,113
2/7/2018,ALICL,865.0,860.0,840.0,840.0,995
2/8/2018,ALICL,840.0,855.0,841.0,855.0,2709
2/11/2018,ALICL,855.0,867.0,846.0,867.0,1642
2/12/2018,ALICL,867.0,861.0,845.0,855.0,871
2/14/2018,ALICL,855.0,860.0,842.0,860.0,1626
2/15/2018,ALICL,860.0,902.0,860.0,902.0,2508
2/18/2018,ALICL,920.0,920.0,875.0,890.0,2937
2/20/2018,ALICL,890.0,890.0,856.0,872.0,1154
2/21/2018,ALICL,856.0,860.0,854.0,854.0,251
2/22/2018,ALICL,844.0,855.0,843.0,845.0,738
2/25/2018,ALICL,846.0,846.0,840.0,840.0,291
2/26/2018,ALICL,835.0,835.0,811.0,820.0,1275
2/27/2018,ALICL,813.0,835.0,812.0,820.0,1458
2/28/2018,ALICL,820.0,820.0,800.0,805.0,1490
3/4/2018,ALICL,805.0,805.0,745.0,759.0,2044
3/5/2018,ALICL,752.0,752.0,731.0,731.0,1463
3/6/2018,ALICL,720.0,758.0,710.0,758.0,2165
3/7/2018,ALICL,765.0,765.0,743.0,761.0,2514
3/11/2018,ALICL,746.0,746.0,704.0,707.0,4184
3/12/2018,ALICL,700.0,719.0,700.0,700.0,1481
3/13/2018,ALICL,702.0,705.0,702.0,705.0,370
3/14/2018,ALICL,710.0,710.0,710.0,710.0,38
3/15/2018,ALICL,710.0,724.0,702.0,702.0,1055
3/18/2018,ALICL,700.0,702.0,697.0,702.0,1349
3/19/2018,ALICL,700.0,700.0,689.0,689.0,1099
3/20/2018,ALICL,690.0,690.0,663.0,663.0,2337
3/21/2018,ALICL,660.0,660.0,635.0,640.0,1600
3/22/2018,ALICL,630.0,646.0,600.0,633.0,3874
3/26/2018,ALICL,621.0,621.0,570.0,570.0,2440
3/27/2018,ALICL,562.0,608.0,529.0,581.0,7171
3/28/2018,ALICL,580.0,591.0,560.0,560.0,8019
3/29/2018,ALICL,571.0,591.0,571.0,584.0,2040
4/1/2018,ALICL,580.0,586.0,560.0,580.0,3028
4/2/2018,ALICL,591.0,591.0,580.0,589.0,383
4/3/2018,ALICL,591.0,600.0,579.0,600.0,1864
4/4/2018,ALICL,609.0,624.0,605.0,620.0,2317
4/5/2018,ALICL,632.0,650.0,600.0,650.0,8414
4/8/2018,ALICL,640.0,715.0,640.0,680.0,9002
4/9/2018,ALICL,682.0,730.0,680.0,700.0,8861
4/10/2018,ALICL,687.0,725.0,675.0,680.0,4394
4/11/2018,ALICL,670.0,693.0,653.0,693.0,5321
4/12/2018,ALICL,703.0,717.0,696.0,700.0,8218
4/15/2018,ALICL,710.0,718.0,672.0,718.0,4093
4/16/2018,ALICL,715.0,789.0,715.0,789.0,17368
4/17/2018,ALICL,800.0,867.0,785.0,867.0,18025
4/18/2018,ALICL,884.0,890.0,827.0,830.0,19435
4/19/2018,ALICL,844.0,872.0,838.0,860.0,15448
4/22/2018,ALICL,877.0,914.0,865.0,914.0,10547
4/23/2018,ALICL,930.0,940.0,865.0,870.0,13566
4/24/2018,ALICL,861.0,900.0,845.0,882.0,9228
4/25/2018,ALICL,870.0,886.0,860.0,874.0,11250
4/26/2018,ALICL,857.0,857.0,830.0,831.0,17824
4/29/2018,ALICL,820.0,847.0,816.0,831.0,6798
5/2/2018,ALICL,825.0,858.0,825.0,858.0,3182
5/3/2018,ALICL,861.0,869.0,852.0,852.0,6112
5/6/2018,ALICL,852.0,859.0,851.0,853.0,3883
5/7/2018,ALICL,850.0,855.0,850.0,854.0,2565
5/8/2018,ALICL,870.0,885.0,856.0,878.0,14113
5/9/2018,ALICL,878.0,885.0,875.0,875.0,4386
5/10/2018,ALICL,890.0,890.0,865.0,870.0,2628
5/14/2018,ALICL,855.0,863.0,853.0,858.0,2369
5/15/2018,ALICL,846.0,848.0,840.0,840.0,2613
5/16/2018,ALICL,850.0,856.0,850.0,850.0,2375
5/17/2018,ALICL,867.0,867.0,851.0,853.0,2531
5/20/2018,ALICL,810.0,817.0,804.0,804.0,4220
5/21/2018,ALICL,802.0,802.0,790.0,790.0,2160
5/22/2018,ALICL,785.0,785.0,766.0,777.0,2485
5/23/2018,ALICL,770.0,780.0,768.0,769.0,2525
5/24/2018,ALICL,757.0,760.0,757.0,760.0,414
5/27/2018,ALICL,760.0,760.0,753.0,755.0,1232
5/28/2018,ALICL,761.0,790.0,760.0,790.0,326
5/29/2018,ALICL,800.0,800.0,775.0,775.0,4181
5/30/2018,ALICL,775.0,800.0,775.0,780.0,1778
5/31/2018,ALICL,795.0,795.0,765.0,771.0,1907
6/3/2018,ALICL,756.0,770.0,746.0,760.0,1373
6/4/2018,ALICL,750.0,750.0,727.0,727.0,1699
6/6/2018,ALICL,741.0,741.0,731.0,731.0,950
6/7/2018,ALICL,731.0,732.0,717.0,717.0,1999
6/10/2018,ALICL,703.0,710.0,679.0,679.0,2104
6/11/2018,ALICL,692.0,710.0,680.0,695.0,1009
6/12/2018,ALICL,690.0,703.0,685.0,703.0,1134
6/13/2018,ALICL,700.0,705.0,696.0,697.0,1193
6/14/2018,ALICL,700.0,708.0,700.0,700.0,1745
6/17/2018,ALICL,713.0,713.0,700.0,700.0,170
6/18/2018,ALICL,686.0,694.0,674.0,690.0,1863
6/19/2018,ALICL,680.0,680.0,680.0,680.0,355
6/20/2018,ALICL,680.0,680.0,670.0,670.0,110
6/21/2018,ALICL,670.0,683.0,670.0,670.0,519
6/24/2018,ALICL,666.0,690.0,661.0,690.0,835
6/25/2018,ALICL,692.0,692.0,666.0,666.0,758
6/26/2018,ALICL,655.0,670.0,650.0,652.0,2289
6/27/2018,ALICL,650.0,660.0,639.0,642.0,2611
6/28/2018,ALICL,650.0,655.0,643.0,643.0,1642
7/1/2018,ALICL,631.0,646.0,624.0,646.0,1368
7/2/2018,ALICL,634.0,638.0,625.0,631.0,782
7/3/2018,ALICL,620.0,620.0,600.0,618.0,8829
7/4/2018,ALICL,616.0,632.0,605.0,620.0,3095
7/5/2018,ALICL,620.0,670.0,620.0,667.0,5293
7/8/2018,ALICL,665.0,684.0,656.0,658.0,5163
7/9/2018,ALICL,671.0,671.0,633.0,633.0,2295
7/10/2018,ALICL,645.0,655.0,644.0,653.0,4360
7/11/2018,ALICL,653.0,669.0,645.0,650.0,1869
7/12/2018,ALICL,648.0,648.0,635.0,640.0,2016
7/15/2018,ALICL,640.0,640.0,635.0,636.0,808
7/16/2018,ALICL,645.0,683.0,642.0,683.0,2322
7/17/2018,ALICL,670.0,670.0,651.0,661.0,721
7/18/2018,ALICL,651.0,652.0,641.0,641.0,838
7/19/2018,ALICL,629.0,640.0,626.0,632.0,615
7/22/2018,ALICL,630.0,630.0,627.0,630.0,978
7/23/2018,ALICL,635.0,638.0,630.0,633.0,1402
7/24/2018,ALICL,645.0,657.0,637.0,637.0,2756
7/25/2018,ALICL,630.0,646.0,630.0,646.0,372
7/26/2018,ALICL,640.0,640.0,636.0,640.0,1362
7/30/2018,ALICL,645.0,645.0,619.0,622.0,1509
7/31/2018,ALICL,620.0,632.0,620.0,632.0,1112
8/1/2018,ALICL,627.0,632.0,625.0,632.0,1072
8/2/2018,ALICL,635.0,635.0,626.0,632.0,1536
8/5/2018,ALICL,632.0,635.0,630.0,630.0,2427
8/6/2018,ALICL,631.0,631.0,630.0,630.0,534
8/7/2018,ALICL,623.0,630.0,622.0,625.0,1334
8/8/2018,ALICL,615.0,615.0,610.0,610.0,278
8/9/2018,ALICL,601.0,615.0,601.0,607.0,3389
8/12/2018,ALICL,602.0,602.0,597.0,600.0,1096
8/13/2018,ALICL,595.0,614.0,595.0,607.0,1983
8/14/2018,ALICL,610.0,618.0,610.0,618.0,455
8/15/2018,ALICL,610.0,638.0,608.0,636.0,1816
8/16/2018,ALICL,636.0,636.0,620.0,620.0,3342
8/19/2018,ALICL,625.0,625.0,615.0,615.0,7240
8/20/2018,ALICL,616.0,616.0,605.0,616.0,989
8/21/2018,ALICL,608.0,610.0,607.0,610.0,765
8/22/2018,ALICL,603.0,608.0,602.0,602.0,2273
8/23/2018,ALICL,600.0,602.0,594.0,594.0,10350
8/26/2018,ALICL,598.0,600.0,598.0,599.0,270
8/28/2018,ALICL,601.0,601.0,595.0,595.0,634
8/29/2018,ALICL,591.0,594.0,590.0,591.0,1536
8/30/2018,ALICL,595.0,595.0,595.0,595.0,20
9/2/2018,ALICL,595.0,602.0,595.0,595.0,729
9/3/2018,ALICL,606.0,610.0,595.0,600.0,3234
9/4/2018,ALICL,609.0,619.0,600.0,605.0,2990
9/5/2018,ALICL,615.0,625.0,610.0,613.0,4196
9/6/2018,ALICL,614.0,624.0,602.0,612.0,4336
9/9/2018,ALICL,608.0,608.0,591.0,591.0,1540
9/10/2018,ALICL,591.0,601.0,591.0,599.0,2062
9/11/2018,ALICL,600.0,603.0,593.0,593.0,1355
9/12/2018,ALICL,600.0,614.0,590.0,590.0,1074
9/13/2018,ALICL,601.0,605.0,593.0,599.0,709
9/16/2018,ALICL,610.0,610.0,598.0,598.0,3852
9/17/2018,ALICL,590.0,625.0,590.0,610.0,6413
9/18/2018,ALICL,605.0,630.0,605.0,612.0,6633
9/20/2018,ALICL,610.0,615.0,609.0,615.0,2169
9/23/2018,ALICL,610.0,620.0,607.0,607.0,1264
9/25/2018,ALICL,601.0,626.0,600.0,610.0,5435
9/26/2018,ALICL,615.0,620.0,610.0,613.0,6536
9/27/2018,ALICL,613.0,613.0,602.0,602.0,2480
9/30/2018,ALICL,601.0,605.0,594.0,596.0,1476
10/1/2018,ALICL,590.0,601.0,590.0,599.0,1090
10/2/2018,ALICL,597.0,597.0,591.0,592.0,1246
10/3/2018,ALICL,595.0,595.0,586.0,590.0,2479
10/4/2018,ALICL,586.0,592.0,582.0,590.0,3340
10/7/2018,ALICL,590.0,590.0,571.0,582.0,2927
10/8/2018,ALICL,585.0,585.0,581.0,583.0,1108
10/9/2018,ALICL,584.0,585.0,580.0,581.0,953
10/10/2018,ALICL,582.0,582.0,578.0,578.0,1304
10/11/2018,ALICL,580.0,582.0,580.0,582.0,2397
10/14/2018,ALICL,593.0,593.0,587.0,593.0,688
10/15/2018,ALICL,585.0,590.0,580.0,588.0,1320
10/21/2018,ALICL,592.0,592.0,592.0,592.0,312
10/22/2018,ALICL,585.0,590.0,583.0,583.0,339
10/23/2018,ALICL,576.0,580.0,575.0,576.0,2259
10/24/2018,ALICL,579.0,580.0,570.0,580.0,742
10/25/2018,ALICL,575.0,579.0,574.0,575.0,1742
10/28/2018,ALICL,570.0,575.0,568.0,568.0,1384
10/29/2018,ALICL,561.0,570.0,561.0,566.0,1576
10/30/2018,ALICL,577.0,577.0,563.0,570.0,2493
10/31/2018,ALICL,567.0,567.0,566.0,566.0,806
11/1/2018,ALICL,568.0,568.0,565.0,566.0,635
11/4/2018,ALICL,568.0,568.0,557.0,557.0,1051
11/5/2018,ALICL,550.0,570.0,550.0,570.0,2554
11/11/2018,ALICL,570.0,570.0,569.0,569.0,49
11/12/2018,ALICL,560.0,570.0,559.0,560.0,1096
11/13/2018,ALICL,560.0,561.0,560.0,561.0,39
11/14/2018,ALICL,561.0,568.0,561.0,565.0,383
11/15/2018,ALICL,576.0,576.0,555.0,560.0,1590
11/18/2018,ALICL,549.0,551.0,547.0,549.0,3790
11/19/2018,ALICL,540.0,550.0,540.0,543.0,856
11/20/2018,ALICL,545.0,555.0,543.0,550.0,859
11/21/2018,ALICL,550.0,550.0,540.0,550.0,580
11/22/2018,ALICL,548.0,548.0,548.0,548.0,72
11/25/2018,ALICL,545.0,545.0,529.0,530.0,639
11/26/2018,ALICL,532.0,532.0,515.0,516.0,4981
11/27/2018,ALICL,515.0,527.0,515.0,517.0,1000
11/28/2018,ALICL,520.0,520.0,511.0,515.0,865
11/29/2018,ALICL,512.0,512.0,496.0,496.0,2427
12/2/2018,ALICL,488.0,495.0,470.0,474.0,1321
12/3/2018,ALICL,475.0,490.0,470.0,470.0,4569
12/4/2018,ALICL,468.0,477.0,468.0,477.0,2696
12/5/2018,ALICL,470.0,470.0,454.0,454.0,7487
12/6/2018,ALICL,446.0,460.0,445.0,458.0,3987
12/9/2018,ALICL,452.0,459.0,452.0,455.0,450
12/10/2018,ALICL,460.0,473.0,460.0,464.0,1433
12/11/2018,ALICL,465.0,475.0,465.0,471.0,3401
12/12/2018,ALICL,466.0,478.0,466.0,477.0,1887
12/13/2018,ALICL,477.0,490.0,474.0,490.0,3395
12/16/2018,ALICL,484.0,516.0,484.0,516.0,8923
12/17/2018,ALICL,526.0,566.0,525.0,550.0,9045
12/18/2018,ALICL,558.0,560.0,538.0,550.0,14327
12/19/2018,ALICL,550.0,569.0,540.0,552.0,7227
12/20/2018,ALICL,563.0,564.0,554.0,557.0,4944
12/23/2018,ALICL,568.0,608.0,568.0,600.0,14570
12/24/2018,ALICL,610.0,620.0,577.0,605.0,21076
12/25/2018,ALICL,601.0,602.0,595.0,600.0,10700
12/26/2018,ALICL,611.0,634.0,611.0,634.0,27484
12/27/2018,ALICL,646.0,658.0,626.0,648.0,26769
12/30/2018,ALICL,636.0,650.0,630.0,632.0,4972
12/31/2018,ALICL,640.0,640.0,607.0,607.0,6151
1/1/2019,ALICL,620.0,631.0,604.0,616.0,4796
1/2/2019,ALICL,628.0,628.0,603.0,604.0,7396
1/3/2019,ALICL,610.0,615.0,604.0,611.0,7387
1/6/2019,ALICL,615.0,615.0,599.0,600.0,3297
1/7/2019,ALICL,611.0,613.0,605.0,613.0,1769
1/8/2019,ALICL,611.0,615.0,610.0,615.0,2086
1/9/2019,ALICL,620.0,620.0,615.0,618.0,1349
1/10/2019,ALICL,616.0,620.0,615.0,620.0,1686
1/13/2019,ALICL,630.0,630.0,608.0,615.0,666
1/14/2019,ALICL,604.0,612.0,603.0,612.0,1144
1/15/2019,ALICL,615.0,640.0,615.0,635.0,9296
1/16/2019,ALICL,640.0,641.0,627.0,636.0,9547
1/17/2019,ALICL,645.0,645.0,630.0,630.0,3329
1/20/2019,ALICL,640.0,640.0,620.0,620.0,568
1/21/2019,ALICL,610.0,622.0,610.0,618.0,750
1/22/2019,ALICL,614.0,624.0,610.0,621.0,1439
1/23/2019,ALICL,611.0,623.0,611.0,617.0,3051
1/24/2019,ALICL,621.0,629.0,618.0,618.0,806
1/27/2019,ALICL,609.0,619.0,607.0,619.0,3127
1/28/2019,ALICL,624.0,624.0,613.0,613.0,351
1/29/2019,ALICL,614.0,614.0,610.0,610.0,1470
1/30/2019,ALICL,602.0,614.0,602.0,613.0,2241
1/31/2019,ALICL,615.0,615.0,610.0,615.0,828
2/3/2019,ALICL,608.0,615.0,606.0,615.0,2920
2/4/2019,ALICL,611.0,611.0,599.0,603.0,3738
2/5/2019,ALICL,591.0,605.0,591.0,602.0,1306
2/6/2019,ALICL,600.0,605.0,594.0,604.0,1966
2/7/2019,ALICL,605.0,605.0,590.0,600.0,1608
2/10/2019,ALICL,592.0,592.0,588.0,588.0,531
2/11/2019,ALICL,598.0,598.0,583.0,583.0,2547
2/12/2019,ALICL,578.0,586.0,577.0,581.0,1287
2/13/2019,ALICL,583.0,591.0,581.0,581.0,3628
2/14/2019,ALICL,580.0,580.0,560.0,580.0,3116
2/17/2019,ALICL,585.0,591.0,566.0,570.0,2467
2/18/2019,ALICL,564.0,565.0,559.0,565.0,2320
2/19/2019,ALICL,570.0,596.0,565.0,592.0,4044
2/20/2019,ALICL,585.0,585.0,571.0,572.0,1472
2/21/2019,ALICL,572.0,580.0,568.0,570.0,1046
2/24/2019,ALICL,575.0,578.0,559.0,559.0,7762
2/25/2019,ALICL,559.0,570.0,548.0,570.0,12451
2/26/2019,ALICL,559.0,560.0,545.0,549.0,7304
2/27/2019,ALICL,559.0,559.0,550.0,552.0,3000
3/3/2019,ALICL,548.0,560.0,545.0,545.0,10304
3/5/2019,ALICL,549.0,550.0,538.0,540.0,41695
3/6/2019,ALICL,382.0,389.0,370.0,388.0,7818
3/7/2019,ALICL,395.0,399.0,385.0,398.0,10635
3/10/2019,ALICL,393.0,398.0,386.0,398.0,1258
3/11/2019,ALICL,401.0,401.0,393.0,398.0,4776
3/12/2019,ALICL,405.0,405.0,396.0,400.0,6087
3/13/2019,ALICL,400.0,401.0,395.0,396.0,9841
3/14/2019,ALICL,390.0,400.0,390.0,397.0,1482
3/17/2019,ALICL,400.0,408.0,398.0,401.0,5898
3/18/2019,ALICL,403.0,404.0,393.0,396.0,2680
3/19/2019,ALICL,403.0,403.0,395.0,398.0,407
3/21/2019,ALICL,404.0,404.0,389.0,389.0,2300
3/24/2019,ALICL,387.0,387.0,381.0,381.0,4681
3/25/2019,ALICL,380.0,386.0,379.0,385.0,2089
3/26/2019,ALICL,383.0,387.0,379.0,383.0,2134
3/27/2019,ALICL,382.0,387.0,382.0,387.0,3322
3/28/2019,ALICL,385.0,390.0,385.0,390.0,968
3/31/2019,ALICL,394.0,394.0,383.0,390.0,4698
4/1/2019,ALICL,390.0,394.0,386.0,387.0,2092
4/2/2019,ALICL,394.0,394.0,386.0,390.0,1508
4/3/2019,ALICL,392.0,395.0,390.0,395.0,3887
4/4/2019,ALICL,390.0,393.0,388.0,393.0,3429
4/7/2019,ALICL,390.0,393.0,390.0,393.0,954
4/8/2019,ALICL,396.0,431.0,395.0,412.0,14613
4/9/2019,ALICL,431.0,431.0,404.0,404.0,13117
4/10/2019,ALICL,401.0,410.0,400.0,403.0,2347
4/11/2019,ALICL,410.0,418.0,403.0,409.0,5452
4/15/2019,ALICL,409.0,409.0,401.0,404.0,1857
4/16/2019,ALICL,403.0,413.0,403.0,412.0,3660
4/17/2019,ALICL,420.0,420.0,409.0,414.0,6987
4/18/2019,ALICL,415.0,416.0,408.0,412.0,964
4/21/2019,ALICL,414.0,414.0,405.0,410.0,2800
4/22/2019,ALICL,412.0,432.0,410.0,423.0,13064
4/23/2019,ALICL,423.0,423.0,412.0,416.0,3992
4/24/2019,ALICL,436.0,436.0,415.0,415.0,2385
4/25/2019,ALICL,423.0,430.0,417.0,420.0,7399
4/28/2019,ALICL,428.0,462.0,428.0,462.0,32497
4/29/2019,ALICL,471.0,483.0,451.0,464.0,36945
4/30/2019,ALICL,465.0,466.0,441.0,441.0,13750
5/2/2019,ALICL,441.0,455.0,435.0,445.0,7985
5/5/2019,ALICL,440.0,450.0,435.0,435.0,3743
5/6/2019,ALICL,435.0,455.0,420.0,455.0,7198
5/7/2019,ALICL,462.0,462.0,441.0,442.0,4888
5/8/2019,ALICL,450.0,450.0,434.0,440.0,3076
5/9/2019,ALICL,448.0,455.0,437.0,439.0,4461
5/12/2019,ALICL,441.0,450.0,440.0,441.0,4128
5/13/2019,ALICL,441.0,448.0,436.0,443.0,5925
5/14/2019,ALICL,440.0,452.0,440.0,451.0,11199
5/15/2019,ALICL,450.0,454.0,443.0,443.0,3997
5/16/2019,ALICL,443.0,443.0,433.0,438.0,3428
5/19/2019,ALICL,432.0,434.0,424.0,430.0,5712
5/20/2019,ALICL,435.0,435.0,431.0,431.0,1436
5/21/2019,ALICL,430.0,432.0,428.0,432.0,2174
5/22/2019,ALICL,435.0,437.0,424.0,430.0,3230
5/23/2019,ALICL,425.0,430.0,424.0,424.0,3080
5/26/2019,ALICL,432.0,432.0,420.0,420.0,3769
5/27/2019,ALICL,413.0,426.0,413.0,418.0,439
5/28/2019,ALICL,426.0,430.0,420.0,423.0,2795
5/29/2019,ALICL,430.0,430.0,418.0,420.0,5708
5/30/2019,ALICL,428.0,430.0,416.0,416.0,11877
6/2/2019,ALICL,413.0,414.0,410.0,410.0,4552
6/3/2019,ALICL,418.0,418.0,404.0,410.0,3583
6/4/2019,ALICL,407.0,408.0,403.0,406.0,2621
6/6/2019,ALICL,400.0,406.0,400.0,401.0,2712
6/10/2019,ALICL,405.0,408.0,396.0,396.0,3541
6/11/2019,ALICL,400.0,400.0,394.0,399.0,2822
6/12/2019,ALICL,406.0,406.0,391.0,393.0,3480
6/13/2019,ALICL,393.0,399.0,393.0,395.0,2725
6/16/2019,ALICL,401.0,402.0,390.0,393.0,2357
6/17/2019,ALICL,390.0,395.0,388.0,393.0,2524
6/18/2019,ALICL,390.0,394.0,390.0,394.0,520
6/19/2019,ALICL,395.0,395.0,391.0,395.0,339
6/20/2019,ALICL,391.0,394.0,387.0,388.0,4172
6/23/2019,ALICL,384.0,384.0,380.0,381.0,4099
6/24/2019,ALICL,382.0,383.0,380.0,381.0,1921
6/25/2019,ALICL,381.0,390.0,380.0,384.0,3923
6/26/2019,ALICL,378.0,382.0,378.0,382.0,1025
6/27/2019,ALICL,388.0,405.0,381.0,395.0,2451
6/30/2019,ALICL,388.0,388.0,375.0,380.0,2778
7/1/2019,ALICL,380.0,391.0,373.0,391.0,2598
7/2/2019,ALICL,384.0,387.0,382.0,387.0,1731
7/3/2019,ALICL,383.0,392.0,380.0,392.0,2877
7/4/2019,ALICL,392.0,399.0,390.0,390.0,3351
7/7/2019,ALICL,387.0,390.0,386.0,388.0,1276
7/8/2019,ALICL,390.0,390.0,382.0,382.0,930
7/9/2019,ALICL,383.0,385.0,381.0,382.0,1492
7/10/2019,ALICL,382.0,393.0,382.0,382.0,1015
7/11/2019,ALICL,382.0,390.0,382.0,386.0,2648
7/14/2019,ALICL,382.0,387.0,382.0,387.0,1384
7/15/2019,ALICL,388.0,388.0,384.0,387.0,2624
7/16/2019,ALICL,406.0,406.0,382.0,383.0,2489
7/17/2019,ALICL,388.0,395.0,385.0,395.0,2255
7/18/2019,ALICL,390.0,393.0,380.0,382.0,7613
7/21/2019,ALICL,386.0,386.0,377.0,381.0,7635
7/22/2019,ALICL,382.0,382.0,378.0,379.0,5707
7/23/2019,ALICL,381.0,382.0,377.0,378.0,6201
7/24/2019,ALICL,384.0,385.0,377.0,383.0,13058
7/25/2019,ALICL,380.0,381.0,377.0,378.0,3692
7/28/2019,ALICL,375.0,375.0,369.0,372.0,4700
7/29/2019,ALICL,372.0,372.0,368.0,368.0,2396
7/30/2019,ALICL,369.0,375.0,368.0,368.0,4170
7/31/2019,ALICL,371.0,373.0,368.0,370.0,7012
8/1/2019,ALICL,375.0,375.0,368.0,372.0,3560
8/4/2019,ALICL,372.0,374.0,364.0,364.0,5081
8/5/2019,ALICL,369.0,369.0,362.0,362.0,4508
8/6/2019,ALICL,362.0,365.0,358.0,358.0,2934
8/7/2019,ALICL,357.0,363.0,357.0,360.0,1757
8/8/2019,ALICL,367.0,367.0,356.0,356.0,2239
8/11/2019,ALICL,350.0,355.0,350.0,352.0,3155
8/12/2019,ALICL,354.0,354.0,346.0,354.0,5121
8/13/2019,ALICL,358.0,358.0,351.0,351.0,169
8/14/2019,ALICL,354.0,354.0,349.0,349.0,2573
8/15/2019,ALICL,350.0,350.0,345.0,348.0,2504
8/18/2019,ALICL,342.0,349.0,342.0,343.0,4727
8/19/2019,ALICL,337.0,350.0,337.0,349.0,3072
8/20/2019,ALICL,345.0,345.0,340.0,340.0,5976
8/21/2019,ALICL,340.0,340.0,334.0,338.0,5744
8/22/2019,ALICL,340.0,351.0,337.0,339.0,3725
8/25/2019,ALICL,334.0,345.0,334.0,345.0,4882
8/26/2019,ALICL,339.0,339.0,332.0,337.0,2472
8/27/2019,ALICL,343.0,344.0,338.0,342.0,595
8/28/2019,ALICL,342.0,342.0,330.0,336.0,2347
8/29/2019,ALICL,332.0,336.0,326.0,326.0,1492
9/1/2019,ALICL,328.0,328.0,313.0,313.0,10968
9/2/2019,ALICL,308.0,318.0,307.0,309.0,13514
9/3/2019,ALICL,304.0,333.0,304.0,333.0,4658
9/4/2019,ALICL,330.0,344.0,325.0,333.0,8783
9/5/2019,ALICL,333.0,334.0,325.0,329.0,5397
9/8/2019,ALICL,325.0,328.0,323.0,325.0,4802
9/9/2019,ALICL,323.0,324.0,313.0,321.0,3360
9/10/2019,ALICL,316.0,323.0,312.0,320.0,5008
9/11/2019,ALICL,315.0,320.0,310.0,320.0,3945
9/12/2019,ALICL,314.0,321.0,314.0,318.0,4075
9/15/2019,ALICL,318.0,318.0,310.0,310.0,3767
9/16/2019,ALICL,305.0,317.0,305.0,315.0,7432
9/17/2019,ALICL,315.0,318.0,308.0,317.0,3873
9/18/2019,ALICL,323.0,335.0,316.0,334.0,15415
9/19/2019,ALICL,328.0,332.0,317.0,324.0,1181
9/22/2019,ALICL,320.0,320.0,313.0,318.0,855
9/23/2019,ALICL,318.0,324.0,316.0,317.0,2220
9/24/2019,ALICL,320.0,320.0,310.0,312.0,4601
9/25/2019,ALICL,314.0,314.0,312.0,313.0,1719
9/26/2019,ALICL,318.0,318.0,310.0,310.0,4553
9/29/2019,ALICL,308.0,310.0,304.0,309.0,4228
9/30/2019,ALICL,310.0,316.0,310.0,311.0,1346
10/1/2019,ALICL,310.0,326.0,310.0,317.0,3699
10/2/2019,ALICL,313.0,313.0,312.0,312.0,2800
10/3/2019,ALICL,318.0,324.0,316.0,316.0,1560
10/10/2019,ALICL,320.0,321.0,314.0,314.0,2983
10/14/2019,ALICL,315.0,317.0,310.0,310.0,3576
10/15/2019,ALICL,315.0,315.0,310.0,310.0,384
10/16/2019,ALICL,315.0,320.0,315.0,317.0,1525
10/17/2019,ALICL,316.0,318.0,315.0,318.0,788
10/20/2019,ALICL,316.0,316.0,314.0,314.0,4959
10/21/2019,ALICL,312.0,319.0,312.0,314.0,1622
10/22/2019,ALICL,314.0,315.0,310.0,310.0,4672
10/23/2019,ALICL,309.0,322.0,309.0,321.0,511
10/24/2019,ALICL,321.0,321.0,315.0,315.0,2339
10/31/2019,ALICL,312.0,315.0,312.0,315.0,1211
11/3/2019,ALICL,315.0,315.0,310.0,310.0,1100
11/4/2019,ALICL,309.0,314.0,308.0,311.0,2084
11/5/2019,ALICL,311.0,313.0,311.0,313.0,890
11/6/2019,ALICL,315.0,315.0,311.0,311.0,790
11/7/2019,ALICL,311.0,315.0,311.0,312.0,3224
11/10/2019,ALICL,310.0,314.0,310.0,314.0,2259
11/11/2019,ALICL,311.0,318.0,310.0,312.0,1837
11/12/2019,ALICL,310.0,314.0,310.0,312.0,2521
11/13/2019,ALICL,315.0,315.0,312.0,315.0,2686
11/14/2019,ALICL,316.0,318.0,316.0,318.0,2663
11/17/2019,ALICL,315.0,318.0,315.0,315.0,4752
11/18/2019,ALICL,316.0,317.0,315.0,316.0,1571
11/19/2019,ALICL,316.0,317.0,314.0,315.0,2050
11/20/2019,ALICL,311.0,325.0,305.0,314.0,18760
11/21/2019,ALICL,315.0,315.0,312.0,315.0,12836
11/24/2019,ALICL,315.0,315.0,310.0,314.0,10694
11/25/2019,ALICL,312.0,313.0,310.0,313.0,2450
11/26/2019,ALICL,312.0,312.0,310.0,311.0,1318
11/27/2019,ALICL,311.0,318.0,311.0,316.0,1770
11/28/2019,ALICL,315.0,315.0,313.0,313.0,1218
12/1/2019,ALICL,318.0,318.0,309.0,315.0,1537
12/2/2019,ALICL,310.0,313.0,310.0,312.0,2107
12/3/2019,ALICL,316.0,320.0,314.0,319.0,8000
12/4/2019,ALICL,325.0,335.0,321.0,335.0,7263
12/5/2019,ALICL,335.0,346.0,330.0,342.0,13031
12/8/2019,ALICL,336.0,341.0,330.0,341.0,6679
12/9/2019,ALICL,338.0,358.0,335.0,344.0,9420
12/10/2019,ALICL,341.0,354.0,341.0,352.0,10792
12/11/2019,ALICL,351.0,365.0,344.0,360.0,8638
12/12/2019,ALICL,360.0,395.0,355.0,385.0,38340
12/15/2019,ALICL,385.0,385.0,355.0,363.0,20768
12/16/2019,ALICL,356.0,374.0,346.0,347.0,15226
12/17/2019,ALICL,350.0,363.0,350.0,358.0,6903
12/18/2019,ALICL,365.0,365.0,350.0,350.0,1903
12/19/2019,ALICL,353.0,360.0,344.0,352.0,7073
12/22/2019,ALICL,352.0,352.0,342.0,345.0,6564
12/23/2019,ALICL,351.0,366.0,350.0,365.0,15245
12/24/2019,ALICL,363.0,368.0,354.0,359.0,16445
12/25/2019,ALICL,355.0,365.0,355.0,362.0,8824
12/26/2019,ALICL,358.0,367.0,358.0,360.0,11943
12/29/2019,ALICL,365.0,367.0,358.0,359.0,8949
12/30/2019,ALICL,365.0,384.0,365.0,378.0,25591
12/31/2019,ALICL,379.0,388.0,373.0,378.0,43647
1/1/2020,ALICL,378.0,382.0,378.0,378.0,10604
1/2/2020,ALICL,377.0,384.0,375.0,379.0,9598
1/5/2020,ALICL,381.0,385.0,379.0,379.0,13982
1/6/2020,ALICL,382.0,386.0,380.0,380.0,18250
1/7/2020,ALICL,380.0,388.0,376.0,381.0,14127
1/8/2020,ALICL,380.0,388.0,375.0,382.0,12248
1/9/2020,ALICL,382.0,386.0,380.0,381.0,11573
1/12/2020,ALICL,388.0,419.0,387.0,419.0,33054
1/13/2020,ALICL,419.0,438.0,413.0,424.0,35486
1/14/2020,ALICL,419.0,439.0,418.0,424.0,25932
1/15/2020,ALICL,432.0,440.0,424.0,424.0,11864
1/16/2020,ALICL,432.0,440.0,429.0,439.0,18121
1/19/2020,ALICL,445.0,482.0,445.0,482.0,41384
1/20/2020,ALICL,491.0,500.0,459.0,468.0,57921
1/21/2020,ALICL,460.0,504.0,460.0,484.0,50808
1/22/2020,ALICL,489.0,532.0,473.0,525.0,116232
1/23/2020,ALICL,534.0,535.0,506.0,508.0,70144
1/26/2020,ALICL,500.0,512.0,482.0,497.0,46322
1/27/2020,ALICL,489.0,522.0,489.0,520.0,40206
1/28/2020,ALICL,530.0,541.0,520.0,533.0,76662
1/29/2020,ALICL,538.0,540.0,524.0,534.0,32519
1/30/2020,ALICL,560.0,587.0,538.0,572.0,121015
2/2/2020,ALICL,575.0,580.0,562.0,569.0,72209
2/3/2020,ALICL,578.0,578.0,557.0,566.0,33947
2/4/2020,ALICL,566.0,580.0,556.0,562.0,51998
2/5/2020,ALICL,568.0,568.0,555.0,562.0,26677
2/6/2020,ALICL,572.0,577.0,562.0,567.0,41646
2/9/2020,ALICL,575.0,575.0,555.0,560.0,29224
2/10/2020,ALICL,558.0,569.0,550.0,561.0,21390
2/11/2020,ALICL,572.0,583.0,564.0,567.0,35369
2/12/2020,ALICL,572.0,588.0,566.0,588.0,45147
2/13/2020,ALICL,599.0,617.0,589.0,606.0,108043
2/16/2020,ALICL,615.0,645.0,611.0,645.0,76169
2/17/2020,ALICL,657.0,669.0,637.0,640.0,98153
2/18/2020,ALICL,640.0,640.0,617.0,632.0,46441
2/19/2020,ALICL,639.0,639.0,619.0,633.0,37104
2/20/2020,ALICL,645.0,663.0,633.0,647.0,57712
2/23/2020,ALICL,659.0,665.0,642.0,651.0,62230
2/24/2020,ALICL,660.0,662.0,639.0,647.0,48672
2/25/2020,ALICL,646.0,699.0,638.0,690.0,77035
2/26/2020,ALICL,695.0,720.0,686.0,701.0,92597
2/27/2020,ALICL,687.0,707.0,654.0,678.0,114693
3/1/2020,ALICL,675.0,683.0,647.0,648.0,140078
3/2/2020,ALICL,638.0,670.0,615.0,615.0,49228
3/3/2020,ALICL,645.0,654.0,576.0,617.0,81900
3/4/2020,ALICL,613.0,628.0,575.0,584.0,67886
3/5/2020,ALICL,573.0,607.0,562.0,580.0,47843
3/10/2020,ALICL,584.0,584.0,541.0,541.0,24860
3/11/2020,ALICL,551.0,592.0,533.0,592.0,48569
3/12/2020,ALICL,621.0,621.0,555.0,557.0,52397
3/15/2020,ALICL,558.0,560.0,507.0,507.0,46843
3/16/2020,ALICL,502.0,535.0,492.0,520.0,32503
3/17/2020,ALICL,510.0,511.0,480.0,481.0,36459
3/18/2020,ALICL,490.0,495.0,463.0,470.0,32243
3/19/2020,ALICL,461.0,499.0,445.0,485.0,29249
3/22/2020,ALICL,494.0,494.0,455.0,492.0,3443
5/13/2020,ALICL,483.0,483.0,478.0,478.0,20
6/29/2020,ALICL,469.0,478.0,431.0,490.0,12570
6/30/2020,ALICL,495.0,539.0,495.0,539.0,4272
7/1/2020,ALICL,549.0,592.0,549.0,591.0,7482
7/2/2020,ALICL,600.0,602.0,535.0,540.0,9133
7/5/2020,ALICL,539.0,571.0,511.0,563.0,18576
7/6/2020,ALICL,564.0,589.0,564.0,581.0,33459
7/7/2020,ALICL,592.0,602.0,574.0,593.0,25112
7/8/2020,ALICL,582.0,604.0,562.0,585.0,11911
7/9/2020,ALICL,590.0,590.0,574.0,580.0,16089
7/12/2020,ALICL,591.0,602.0,582.0,596.0,18478
7/13/2020,ALICL,596.0,608.0,595.0,606.0,27401
7/14/2020,ALICL,606.0,615.0,601.0,607.0,21586
7/15/2020,ALICL,619.0,620.0,602.0,607.0,18664
7/16/2020,ALICL,607.0,615.0,607.0,615.0,12792
7/19/2020,ALICL,627.0,650.0,627.0,650.0,70
7/20/2020,ALICL,682.0,694.0,625.0,640.0,28257
7/21/2020,ALICL,630.0,640.0,617.0,628.0,19309
7/22/2020,ALICL,627.0,637.0,624.0,631.0,24168
7/23/2020,ALICL,625.0,637.0,619.0,635.0,24371
7/26/2020,ALICL,640.0,665.0,636.0,662.0,37869
7/27/2020,ALICL,672.0,680.0,650.0,659.0,41206
7/28/2020,ALICL,659.0,665.0,646.0,659.0,30059
7/29/2020,ALICL,660.0,660.0,645.0,645.0,37109
7/30/2020,ALICL,644.0,668.0,638.0,646.0,21897
8/2/2020,ALICL,635.0,647.0,614.0,614.0,30879
8/3/2020,ALICL,610.0,637.0,610.0,624.0,27440
8/5/2020,ALICL,618.0,619.0,608.0,608.0,19970
8/6/2020,ALICL,620.0,620.0,600.0,613.0,14155
8/9/2020,ALICL,605.0,622.0,604.0,618.0,23086
8/10/2020,ALICL,628.0,642.0,625.0,641.0,24021
8/11/2020,ALICL,653.0,653.0,626.0,635.0,15512
8/12/2020,ALICL,645.0,657.0,632.0,640.0,40427
8/13/2020,ALICL,639.0,640.0,629.0,630.0,20102
8/16/2020,ALICL,629.0,629.0,618.0,622.0,13528
8/17/2020,ALICL,622.0,644.0,620.0,639.0,11172
8/18/2020,ALICL,640.0,646.0,631.0,642.0,24505
8/19/2020,ALICL,631.0,638.0,625.0,628.0,13751
8/20/2020,ALICL,636.0,636.0,627.0,634.0,3186
8/23/2020,ALICL,634.0,658.0,627.0,658.0,32352
8/24/2020,ALICL,658.0,675.0,658.0,670.0,55625
8/25/2020,ALICL,703.0,703.0,660.0,695.0,86183
8/26/2020,ALICL,701.0,734.0,700.0,710.0,106528
8/27/2020,ALICL,708.0,718.0,698.0,699.0,71564
8/30/2020,ALICL,699.0,728.0,688.0,728.0,47421
8/31/2020,ALICL,734.0,765.0,720.0,742.0,121765
9/2/2020,ALICL,750.0,765.0,712.0,720.0,89405
9/3/2020,ALICL,720.0,736.0,711.0,723.0,55564
9/6/2020,ALICL,737.0,745.0,711.0,715.0,42813
9/7/2020,ALICL,704.0,722.0,700.0,710.0,38052
9/8/2020,ALICL,701.0,727.0,701.0,727.0,40442
9/9/2020,ALICL,740.0,745.0,712.0,733.0,57800
9/10/2020,ALICL,733.0,760.0,733.0,754.0,86310
9/13/2020,ALICL,769.0,780.0,736.0,774.0,108627
9/14/2020,ALICL,774.0,788.0,754.0,757.0,88425
9/15/2020,ALICL,751.0,760.0,748.0,757.0,42580
9/16/2020,ALICL,768.0,768.0,745.0,760.0,37326
9/17/2020,ALICL,760.0,770.0,748.0,749.0,53177
9/20/2020,ALICL,751.0,754.0,740.0,748.0,15346
9/21/2020,ALICL,748.0,748.0,737.0,738.0,29362
9/22/2020,ALICL,752.0,754.0,731.0,737.0,28351
9/23/2020,ALICL,730.0,744.0,723.0,737.0,16664
9/24/2020,ALICL,731.0,742.0,730.0,742.0,14715
9/27/2020,ALICL,742.0,742.0,733.0,735.0,21406
9/28/2020,ALICL,739.0,739.0,726.0,726.0,13647
9/29/2020,ALICL,724.0,728.0,718.0,721.0,17157
9/30/2020,ALICL,725.0,735.0,717.0,720.0,17534
10/1/2020,ALICL,733.0,742.0,725.0,741.0,29936
10/4/2020,ALICL,750.0,750.0,738.0,748.0,41636
10/5/2020,ALICL,742.0,750.0,738.0,738.0,18336
10/6/2020,ALICL,739.0,740.0,732.0,732.0,9745
10/7/2020,ALICL,732.0,739.0,724.0,735.0,11711
10/8/2020,ALICL,730.0,744.0,730.0,732.0,16566
10/11/2020,ALICL,725.0,735.0,723.0,724.0,6653
10/12/2020,ALICL,725.0,725.0,720.0,722.0,13383
10/13/2020,ALICL,729.0,729.0,715.0,715.0,14303
10/14/2020,ALICL,713.0,718.0,710.0,712.0,16249
10/15/2020,ALICL,724.0,724.0,709.0,711.0,7321
10/18/2020,ALICL,720.0,720.0,705.0,706.0,8799
10/19/2020,ALICL,710.0,733.0,708.0,718.0,6386
10/20/2020,ALICL,728.0,730.0,720.0,728.0,7140
10/21/2020,ALICL,727.0,731.0,724.0,728.0,5184
10/22/2020,ALICL,727.0,733.0,724.0,724.0,6925
10/28/2020,ALICL,724.0,737.0,722.0,736.0,9812
10/29/2020,ALICL,739.0,745.0,737.0,737.0,8616
11/1/2020,ALICL,738.0,739.0,732.0,735.0,3608
11/2/2020,ALICL,730.0,744.0,730.0,740.0,15351
11/3/2020,ALICL,736.0,742.0,736.0,738.0,14135
11/4/2020,ALICL,748.0,750.0,734.0,738.0,7746
11/5/2020,ALICL,736.0,739.0,735.0,738.0,10864
11/8/2020,ALICL,738.0,761.0,736.0,757.0,37558
11/9/2020,ALICL,760.0,772.0,757.0,761.0,52071
11/10/2020,ALICL,763.0,800.0,762.0,800.0,114912
11/11/2020,ALICL,800.0,812.0,786.0,789.0,78810
11/12/2020,ALICL,828.0,828.0,775.0,782.0,63330
11/18/2020,ALICL,782.0,810.0,770.0,806.0,81984
11/19/2020,ALICL,800.0,835.0,800.0,824.0,101289
11/22/2020,ALICL,800.0,826.0,797.0,808.0,162319
11/23/2020,ALICL,807.0,807.0,785.0,797.0,41599
11/24/2020,ALICL,795.0,813.0,793.0,812.0,73741
11/25/2020,ALICL,827.0,829.0,812.0,822.0,66156
11/26/2020,ALICL,826.0,827.0,800.0,805.0,57321
11/29/2020,ALICL,805.0,825.0,792.0,822.0,68211
11/30/2020,ALICL,840.0,890.0,818.0,886.0,105145
12/1/2020,ALICL,886.0,896.0,868.0,878.0,67359
12/2/2020,ALICL,890.0,959.0,882.0,927.0,94844
12/3/2020,ALICL,927.0,940.0,887.0,889.0,86615
12/6/2020,ALICL,880.0,880.0,829.0,829.0,115945
12/7/2020,ALICL,844.0,880.0,814.0,875.0,53337
12/8/2020,ALICL,859.0,892.0,859.0,863.0,47662
12/9/2020,ALICL,851.0,860.0,847.0,853.0,36019
12/10/2020,ALICL,855.0,873.0,846.0,862.0,31241
12/13/2020,ALICL,875.0,895.0,874.0,893.0,72325
12/14/2020,ALICL,910.0,953.0,900.0,950.0,101318
12/15/2020,ALICL,969.0,973.0,928.0,947.0,87588
12/16/2020,ALICL,935.0,950.0,929.0,942.0,32494
12/17/2020,ALICL,989.0,989.0,916.0,927.0,59705
12/20/2020,ALICL,924.0,924.0,842.0,846.0,142310
12/21/2020,ALICL,840.0,899.0,825.0,875.0,67508
12/22/2020,ALICL,890.0,910.0,885.0,906.0,63773
12/23/2020,ALICL,921.0,958.0,920.0,929.0,109147
12/24/2020,ALICL,916.0,936.0,916.0,925.0,64252
12/27/2020,ALICL,912.0,930.0,899.0,905.0,48608
12/28/2020,ALICL,889.0,920.0,889.0,920.0,69439
12/29/2020,ALICL,921.0,930.0,911.0,918.0,46330
12/30/2020,ALICL,907.0,940.0,907.0,934.0,54677
12/31/2020,ALICL,935.0,946.0,927.0,938.0,60251
1/3/2021,ALICL,941.0,963.0,941.0,960.0,76740
1/4/2021,ALICL,974.0,974.0,934.0,948.0,53923
1/5/2021,ALICL,960.0,960.0,942.0,950.0,49432
1/6/2021,ALICL,903.0,973.0,903.0,970.0,72580
1/7/2021,ALICL,950.0,988.0,950.0,964.0,40983
1/10/2021,ALICL,953.0,978.0,953.0,956.0,46272
1/11/2021,ALICL,909.0,981.0,909.0,972.0,69503
1/12/2021,ALICL,990.0,1023.0,971.0,1021.0,90997
1/13/2021,ALICL,1041.0,1060.0,1025.0,1037.0,49156
1/17/2021,ALICL,1050.0,1085.0,1040.0,1083.0,60549
1/18/2021,ALICL,1086.0,1129.0,1077.0,1115.0,84070
1/19/2021,ALICL,1170.0,1170.0,1086.0,1097.0,53305
1/20/2021,ALICL,1114.0,1115.0,1090.0,1103.0,45665
1/21/2021,ALICL,1106.0,1141.0,1105.0,1141.0,94308
1/24/2021,ALICL,1198.0,1198.0,1150.0,1175.0,90564
1/25/2021,ALICL,1190.0,1190.0,1141.0,1163.0,66226
1/26/2021,ALICL,1163.0,1164.0,1130.0,1130.0,44945
1/27/2021,ALICL,1121.0,1167.0,1113.0,1163.0,90537
1/28/2021,ALICL,1151.0,1191.0,1145.0,1166.0,87605
1/31/2021,ALICL,1166.0,1175.0,1137.0,1153.0,68629
2/1/2021,ALICL,1176.0,1180.0,1153.0,1178.0,67886
2/2/2021,ALICL,1210.0,1260.0,1177.0,1260.0,104751
2/3/2021,ALICL,1280.0,1307.0,1222.0,1256.0,99188
2/4/2021,ALICL,1260.0,1285.0,1235.0,1270.0,82653
2/7/2021,ALICL,1333.0,1354.0,1280.0,1350.0,111500
2/8/2021,ALICL,1400.0,1400.0,1340.0,1347.0,101803
2/9/2021,ALICL,1350.0,1350.0,1285.0,1315.0,86689
2/10/2021,ALICL,1301.0,1318.0,1270.0,1304.0,74649
2/11/2021,ALICL,1330.0,1356.0,1305.0,1311.0,64109
2/14/2021,ALICL,1311.0,1338.0,1290.0,1297.0,65399
2/15/2021,ALICL,1322.0,1422.0,1322.0,1419.0,153986
2/16/2021,ALICL,1426.0,1460.0,1421.0,1451.0,117767
2/17/2021,ALICL,1460.0,1460.0,1412.0,1434.0,61601
2/18/2021,ALICL,1425.0,1433.0,1390.0,1420.0,82042
2/21/2021,ALICL,1420.0,1420.0,1381.0,1385.0,41326
2/22/2021,ALICL,1400.0,1400.0,1334.0,1346.0,100988
2/23/2021,ALICL,1321.0,1387.0,1297.0,1380.0,87482
2/24/2021,ALICL,1380.0,1435.0,1380.0,1397.0,93156
2/25/2021,ALICL,1400.0,1401.0,1345.0,1360.0,72704
2/28/2021,ALICL,1333.0,1344.0,1300.0,1300.0,108193
3/1/2021,ALICL,1300.0,1349.0,1281.0,1340.0,80413
3/2/2021,ALICL,1350.0,1350.0,1223.0,1274.0,221358
3/3/2021,ALICL,1250.0,1256.0,1171.0,1193.0,233517
3/4/2021,ALICL,1193.0,1256.0,1181.0,1237.0,86384
3/7/2021,ALICL,1235.0,1245.0,1200.0,1208.0,62251
3/9/2021,ALICL,1205.0,1205.0,1190.0,1190.0,40716
3/10/2021,ALICL,1176.0,1203.0,1176.0,1180.0,35199
3/14/2021,ALICL,1167.0,1176.0,1143.0,1147.0,51651
3/15/2021,ALICL,1130.0,1165.0,1126.0,1145.0,37523
3/16/2021,ALICL,1145.0,1185.0,1142.0,1170.0,29826
3/17/2021,ALICL,1170.0,1200.0,1160.0,1194.0,33768
3/18/2021,ALICL,1194.0,1231.0,1191.0,1225.0,50222
3/21/2021,ALICL,1240.0,1264.0,1226.0,1255.0,61083
3/22/2021,ALICL,1266.0,1268.0,1235.0,1243.0,48214
3/23/2021,ALICL,1235.0,1250.0,1228.0,1238.0,38362
3/24/2021,ALICL,1299.0,1299.0,1236.0,1255.0,35851
3/25/2021,ALICL,1260.0,1269.0,1245.0,1245.0,48674
3/29/2021,ALICL,1253.0,1256.0,1235.0,1251.0,15475
3/30/2021,ALICL,1260.0,1264.0,1247.0,1257.0,22000
3/31/2021,ALICL,1319.0,1319.0,1260.0,1268.0,24399
4/1/2021,ALICL,1272.0,1274.0,1253.0,1264.0,20178
4/4/2021,ALICL,1265.0,1308.0,1255.0,1299.0,43121
4/5/2021,ALICL,1310.0,1315.0,1283.0,1295.0,32342
4/6/2021,ALICL,1359.0,1359.0,1281.0,1299.0,49004
4/7/2021,ALICL,1310.0,1310.0,1280.0,1281.0,28224
4/8/2021,ALICL,1275.0,1288.0,1271.0,1279.0,23472
4/12/2021,ALICL,1300.0,1315.0,1278.0,1315.0,58573
4/13/2021,ALICL,1330.0,1334.0,1310.0,1320.0,39230
4/15/2021,ALICL,1305.0,1325.0,1300.0,1310.0,22182
4/18/2021,ALICL,1310.0,1310.0,1281.0,1281.0,28305
4/19/2021,ALICL,1260.0,1283.0,1260.0,1273.0,22088
4/20/2021,ALICL,1336.0,1336.0,1255.0,1265.0,19304
4/21/2021,ALICL,1265.0,1275.0,1249.0,1258.0,30925
4/22/2021,ALICL,1240.0,1256.0,1232.0,1256.0,22449
4/25/2021,ALICL,1250.0,1250.0,1220.0,1226.0,34038
4/26/2021,ALICL,1203.0,1225.0,1203.0,1204.0,31454
4/27/2021,ALICL,1204.0,1270.0,1204.0,1270.0,20130
4/28/2021,ALICL,1270.0,1270.0,1211.0,1249.0,12569
4/29/2021,ALICL,1250.0,1260.0,1245.0,1257.0,17376
5/2/2021,ALICL,1256.0,1300.0,1256.0,1295.0,31822
5/3/2021,ALICL,1315.0,1317.0,1280.0,1288.0,38776
5/4/2021,ALICL,1285.0,1285.0,1271.0,1280.0,16086
5/5/2021,ALICL,1280.0,1291.0,1280.0,1283.0,21910
5/6/2021,ALICL,1281.0,1285.0,1260.0,1263.0,14268
5/9/2021,ALICL,1258.0,1271.0,1241.0,1255.0,10027
5/10/2021,ALICL,1250.0,1267.0,1250.0,1264.0,7855
5/11/2021,ALICL,1280.0,1294.0,1260.0,1291.0,20426
5/12/2021,ALICL,1284.0,1288.0,1281.0,1281.0,15120
5/13/2021,ALICL,1281.0,1290.0,1280.0,1290.0,12414
5/16/2021,ALICL,1314.0,1323.0,1295.0,1322.0,64582
5/17/2021,ALICL,1330.0,1345.0,1312.0,1316.0,47463
5/18/2021,ALICL,1316.0,1335.0,1311.0,1331.0,48942
5/19/2021,ALICL,1335.0,1364.0,1320.0,1350.0,76446
5/20/2021,ALICL,1417.0,1417.0,1340.0,1362.0,63222
5/23/2021,ALICL,1336.0,1382.0,1315.0,1370.0,57379
5/24/2021,ALICL,1438.0,1438.0,1350.0,1355.0,46966
5/25/2021,ALICL,1422.0,1435.0,1351.0,1432.0,234596
5/27/2021,ALICL,1432.0,1500.0,1376.0,1490.0,134842
5/30/2021,ALICL,1520.0,1550.0,1490.0,1535.0,195104
5/31/2021,ALICL,1550.0,1565.0,1476.0,1500.0,108894
6/1/2021,ALICL,1500.0,1510.0,1460.0,1476.0,110641
6/2/2021,ALICL,1492.0,1520.0,1475.0,1520.0,145440
6/3/2021,ALICL,1550.0,1559.0,1495.0,1502.0,93472
6/6/2021,ALICL,1520.0,1520.0,1463.0,1475.0,69837
6/7/2021,ALICL,1475.0,1499.0,1471.0,1475.0,56656
6/8/2021,ALICL,1415.0,1515.0,1415.0,1504.0,85115
6/9/2021,ALICL,1549.0,1555.0,1481.0,1487.0,55394
6/10/2021,ALICL,1509.0,1509.0,1469.0,1470.0,39018
6/13/2021,ALICL,1499.0,1499.0,1455.0,1457.0,53230
6/14/2021,ALICL,1482.0,1483.0,1449.0,1451.0,49289
6/15/2021,ALICL,1457.0,1474.0,1440.0,1444.0,42860
6/16/2021,ALICL,1400.0,1445.0,1397.0,1406.0,94403
6/17/2021,ALICL,1406.0,1429.0,1394.0,1404.0,40414
6/20/2021,ALICL,1410.0,1415.0,1365.0,1394.0,46714
6/21/2021,ALICL,1394.0,1399.0,1351.0,1351.0,46591
6/22/2021,ALICL,1360.0,1417.0,1324.0,1408.0,56261
6/23/2021,ALICL,1410.0,1410.0,1357.0,1370.0,37352
6/24/2021,ALICL,1348.0,1368.0,1347.0,1353.0,29149
6/27/2021,ALICL,1350.0,1369.0,1337.0,1355.0,18189
6/28/2021,ALICL,1371.0,1390.0,1364.0,1382.0,29011
6/29/2021,ALICL,1385.0,1390.0,1371.0,1373.0,47774
6/30/2021,ALICL,1355.0,1367.0,1351.0,1363.0,22339
7/1/2021,ALICL,1365.0,1383.0,1363.0,1365.0,8450
7/4/2021,ALICL,1352.0,1365.0,1350.0,1351.0,12788
7/5/2021,ALICL,1370.0,1370.0,1343.0,1350.0,19469
7/6/2021,ALICL,1350.0,1350.0,1340.0,1349.0,11014
7/7/2021,ALICL,1335.0,1348.0,1332.0,1337.0,10966
7/8/2021,ALICL,1322.0,1344.0,1322.0,1337.0,21007
7/11/2021,ALICL,1360.0,1375.0,1353.0,1370.0,12968
7/12/2021,ALICL,1370.0,1371.0,1330.0,1344.0,17917
7/13/2021,ALICL,1370.0,1370.0,1343.0,1358.0,4484
7/14/2021,ALICL,1358.0,1364.0,1350.0,1350.0,5427
7/15/2021,ALICL,1360.0,1360.0,1344.0,1348.0,15633
7/18/2021,ALICL,1370.0,1418.0,1355.0,1408.0,34968
7/19/2021,ALICL,1420.0,1436.0,1380.0,1395.0,22930
7/20/2021,ALICL,1372.1,1400.1,1372.1,1386.0,7542
7/22/2021,ALICL,1400.0,1400.0,1378.0,1382.0,18693
7/25/2021,ALICL,1355.0,1375.0,1305.0,1367.0,72632
7/26/2021,ALICL,1390.0,1400.0,1359.0,1385.0,33789
7/27/2021,ALICL,1396.0,1401.0,1369.0,1395.0,23596
7/28/2021,ALICL,1402.0,1440.0,1402.0,1429.0,63058
7/29/2021,ALICL,1430.0,1451.0,1411.0,1438.0,46598
8/1/2021,ALICL,1465.0,1490.0,1448.0,1459.8,56088
8/2/2021,ALICL,1460.0,1460.0,1437.0,1448.0,26624
8/3/2021,ALICL,1423.0,1451.0,1423.0,1432.0,27301
8/4/2021,ALICL,1434.0,1445.0,1415.0,1415.0,26588
8/5/2021,ALICL,1417.5,1440.0,1400.1,1405.0,23521
8/8/2021,ALICL,1405.0,1420.0,1392.0,1400.0,50570
8/9/2021,ALICL,1375.0,1410.0,1375.0,1400.0,17179
8/10/2021,ALICL,1375.0,1415.0,1375.0,1415.0,35384
8/11/2021,ALICL,1420.0,1420.0,1410.0,1417.0,21830
8/12/2021,ALICL,1415.0,1429.0,1402.0,1403.1,55349
8/15/2021,ALICL,1375.1,1399.0,1349.0,1388.0,56824
8/16/2021,ALICL,1391.0,1413.0,1368.2,1399.0,45868
8/17/2021,ALICL,1390.0,1408.0,1376.0,1394.0,50835
8/18/2021,ALICL,1421.0,1475.0,1410.0,1455.0,125953
8/19/2021,ALICL,1484.0,1513.0,1465.0,1489.0,183837
8/24/2021,ALICL,1505.0,1505.0,1460.0,1460.0,54411
8/25/2021,ALICL,1463.0,1463.0,1403.0,1419.0,38226
8/26/2021,ALICL,1445.0,1445.0,1392.0,1400.0,29313
8/29/2021,ALICL,1400.0,1415.0,1380.0,1385.0,23373
8/31/2021,ALICL,1360.0,1403.0,1340.0,1355.0,55253
9/1/2021,ALICL,1330.0,1383.0,1320.0,1342.0,27338
9/2/2021,ALICL,1344.0,1365.0,1320.0,1338.0,29438
9/5/2021,ALICL,1320.0,1325.0,1271.0,1294.0,53212
9/6/2021,ALICL,1268.2,1423.0,1268.2,1370.0,40344
9/7/2021,ALICL,1342.6,1369.0,1321.0,1345.0,22477
9/8/2021,ALICL,1320.0,1335.0,1299.5,1315.0,54158
9/9/2021,ALICL,1334.0,1339.9,1315.0,1323.0,20871
9/12/2021,ALICL,1340.0,1355.0,1309.0,1355.0,27012
9/13/2021,ALICL,1360.0,1370.0,1329.0,1343.0,18869
9/14/2021,ALICL,1345.0,1345.0,1310.0,1325.0,15987
9/15/2021,ALICL,1300.0,1335.0,1300.0,1308.0,14592
9/16/2021,ALICL,1281.9,1306.9,1248.0,1265.0,44808
9/20/2021,ALICL,1280.0,1280.0,1190.0,1190.0,49255
9/21/2021,ALICL,1170.0,1258.0,1155.0,1200.0,32667
9/22/2021,ALICL,1176.0,1250.0,1176.0,1250.0,29215
9/23/2021,ALICL,1252.0,1275.0,1221.0,1230.0,22143
9/26/2021,ALICL,1228.0,1230.0,1193.8,1210.0,24075
9/27/2021,ALICL,1200.0,1200.0,1168.0,1190.0,22397
9/28/2021,ALICL,1166.2,1195.0,1150.0,1175.0,24685
9/29/2021,ALICL,1175.0,1195.0,1152.9,1195.0,14619
9/30/2021,ALICL,1218.9,1218.9,1170.0,1171.0,15629
10/3/2021,ALICL,1151.0,1175.0,1143.0,1152.0,13351
10/4/2021,ALICL,1129.0,1173.0,1129.0,1149.0,23972
10/5/2021,ALICL,1170.0,1177.0,1142.0,1177.0,13403
10/6/2021,ALICL,1177.0,1199.0,1166.0,1195.0,18797
10/10/2021,ALICL,1203.6,1204.0,1172.1,1190.0,15236
10/11/2021,ALICL,1180.0,1192.0,1165.0,1192.0,10288
10/17/2021,ALICL,1181.0,1195.0,1169.0,1175.0,4319
10/18/2021,ALICL,1152.0,1156.0,1130.0,1141.0,8095
10/19/2021,ALICL,1119.0,1128.0,1096.7,1115.0,16552
10/20/2021,ALICL,1127.0,1134.9,1112.5,1129.0,13282
10/21/2021,ALICL,1111.0,1130.0,1110.0,1129.0,16526
10/24/2021,ALICL,1130.0,1173.0,1118.1,1148.0,11914
10/25/2021,ALICL,1170.0,1189.0,1141.7,1189.0,12225
10/26/2021,ALICL,1209.0,1264.0,1187.1,1250.0,37224
10/27/2021,ALICL,1272.0,1336.0,1227.0,1304.0,59898
10/28/2021,ALICL,1305.0,1305.0,1278.0,1293.0,43205
10/31/2021,ALICL,1295.0,1300.0,1270.0,1283.0,48878
11/1/2021,ALICL,1280.0,1289.0,1253.0,1270.0,13880
11/2/2021,ALICL,1275.1,1314.0,1251.0,1300.0,45358
11/3/2021,ALICL,1300.0,1314.0,1285.0,1285.0,21008
11/8/2021,ALICL,1310.7,1350.0,1310.7,1313.0,53732
11/9/2021,ALICL,1330.0,1335.0,1277.0,1290.0,42218
11/11/2021,ALICL,1266.0,1319.8,1265.1,1285.0,28791
11/14/2021,ALICL,1285.0,1304.0,1255.0,1274.0,42091
11/15/2021,ALICL,1299.0,1299.0,1275.0,1285.0,25920
11/16/2021,ALICL,1290.0,1300.0,1272.0,1293.5,14346
11/17/2021,ALICL,1319.3,1398.0,1309.0,1309.0,251115
11/18/2021,ALICL,1335.0,1335.0,1285.0,1285.0,35208
11/21/2021,ALICL,1310.0,1310.0,1252.0,1270.0,27083
11/22/2021,ALICL,1275.1,1300.0,1266.0,1267.0,16073
11/23/2021,ALICL,1251.0,1275.0,1235.0,1240.0,22056
11/24/2021,ALICL,1249.0,1265.0,1230.0,1245.0,11868
11/25/2021,ALICL,1265.0,1265.0,1220.1,1235.0,16407
11/28/2021,ALICL,1250.0,1250.0,1188.0,1195.0,29885
11/29/2021,ALICL,1195.0,1220.0,1167.0,1175.0,12743
11/30/2021,ALICL,1190.0,1199.0,1166.0,1175.0,11409
12/1/2021,ALICL,1180.0,1190.0,1160.0,1169.0,12658
12/2/2021,ALICL,1179.0,1179.0,1145.0,1150.0,17572
12/5/2021,ALICL,1151.0,1154.0,1123.1,1130.0,12702
12/6/2021,ALICL,1125.0,1147.0,1098.0,1132.0,17404
12/7/2021,ALICL,1154.1,1165.0,1120.0,1120.0,16116
12/8/2021,ALICL,1120.0,1130.0,1092.0,1098.9,7944
12/9/2021,ALICL,1090.0,1104.0,1070.0,1088.9,15303
12/12/2021,ALICL,1089.9,1090.0,1022.0,1033.0,26833
12/13/2021,ALICL,1013.0,1013.0,978.0,978.0,24595
12/14/2021,ALICL,997.0,1029.9,997.0,1029.9,9119
12/15/2021,ALICL,1050.0,1053.0,1000.0,1006.0,25258
12/16/2021,ALICL,1000.0,1009.9,990.1,1007.0,6036
12/20/2021,ALICL,987.1,1012.0,986.9,993.0,6000
12/21/2021,ALICL,987.0,1017.0,987.0,1015.0,7571
12/22/2021,ALICL,1035.0,1072.0,1015.0,1060.0,14303
12/23/2021,ALICL,1061.0,1095.0,1040.0,1080.0,11832
12/26/2021,ALICL,1100.0,1188.0,1079.0,1188.0,43361
12/27/2021,ALICL,1211.0,1212.0,1124.0,1130.0,33991
12/28/2021,ALICL,1115.0,1150.0,1088.0,1125.0,18239
12/29/2021,ALICL,1140.0,1145.0,1117.2,1123.0,7301
1/2/2022,ALICL,1145.4,1165.0,1114.0,1165.0,12173
1/3/2022,ALICL,1165.0,1200.0,1163.0,1171.0,23341
1/4/2022,ALICL,1153.0,1190.0,1152.0,1180.0,11524
1/5/2022,ALICL,1197.9,1200.0,1160.0,1169.9,15307
1/6/2022,ALICL,1170.0,1189.0,1168.0,1180.0,8947
1/9/2022,ALICL,1203.0,1257.0,1192.0,1235.0,37401
1/10/2022,ALICL,1259.0,1275.0,1236.0,1254.0,43309
1/11/2022,ALICL,1277.0,1305.0,1255.0,1290.0,43715
1/12/2022,ALICL,1315.8,1315.8,1245.0,1250.0,39672
1/13/2022,ALICL,1275.0,1302.0,1275.0,1299.0,58273
1/16/2022,ALICL,1323.9,1351.3,1323.0,1334.0,59288
1/17/2022,ALICL,1345.0,1355.0,1318.0,1337.0,48327
1/18/2022,ALICL,1345.0,1355.0,1326.0,1339.0,60928
1/19/2022,ALICL,1365.7,1365.7,1313.0,1327.0,29278
1/20/2022,ALICL,1330.0,1350.0,1307.1,1341.0,37239
1/23/2022,ALICL,1360.0,1374.0,1339.3,1340.0,72785
1/24/2022,ALICL,1345.0,1345.0,1295.0,1305.0,66929
1/25/2022,ALICL,1330.0,1350.0,1309.9,1322.0,202758
1/26/2022,ALICL,1078.7,1099.0,1020.0,1021.0,44829
1/27/2022,ALICL,1024.0,1027.0,1002.2,1009.0,16217
1/30/2022,ALICL,1029.1,1070.0,1027.0,1044.0,22771
1/31/2022,ALICL,1051.0,1051.0,1017.0,1019.0,14706
2/1/2022,ALICL,1015.0,1027.0,1010.0,1025.0,14836
2/3/2022,ALICL,1026.0,1031.0,1000.0,1002.0,21071
2/6/2022,ALICL,1022.0,1042.0,993.0,995.0,19045
2/7/2022,ALICL,988.0,1020.0,987.0,1003.0,17585
2/8/2022,ALICL,1023.0,1039.9,988.0,988.0,20070
2/9/2022,ALICL,1005.0,1005.0,965.0,973.0,25153
2/10/2022,ALICL,975.1,979.0,960.0,966.0,7512
2/13/2022,ALICL,966.0,966.0,890.1,902.0,39421
2/14/2022,ALICL,884.0,920.0,884.0,902.0,14284
2/15/2022,ALICL,919.8,923.1,902.0,922.0,14062
2/16/2022,ALICL,939.0,939.0,909.0,913.0,7003
2/17/2022,ALICL,913.0,913.0,901.0,913.0,9175
2/20/2022,ALICL,895.0,900.0,880.0,890.0,11723
2/21/2022,ALICL,900.0,900.0,883.0,894.0,6564
2/22/2022,ALICL,900.0,903.1,894.2,899.0,9270
2/23/2022,ALICL,899.0,909.0,882.0,885.0,10971
2/24/2022,ALICL,870.3,883.0,860.0,866.0,16555
2/27/2022,ALICL,860.0,867.5,850.0,854.1,14291
2/28/2022,ALICL,865.0,871.1,835.0,837.0,14011
3/2/2022,ALICL,835.0,835.0,796.0,810.0,16431
3/6/2022,ALICL,815.0,830.0,797.5,800.5,9120
3/7/2022,ALICL,803.0,816.0,784.0,795.0,12399
3/9/2022,ALICL,810.0,810.0,780.0,782.0,8131
3/10/2022,ALICL,780.1,805.0,775.0,805.0,13819
3/13/2022,ALICL,821.1,885.5,821.1,885.5,58683
3/14/2022,ALICL,903.0,920.0,887.5,910.0,21698
3/15/2022,ALICL,915.0,926.0,880.0,910.0,23608
3/16/2022,ALICL,920.0,926.0,902.0,910.0,23367
3/20/2022,ALICL,915.0,917.0,890.2,892.0,8305
3/21/2022,ALICL,900.0,904.0,885.0,904.0,10195
3/22/2022,ALICL,906.0,918.0,904.0,907.0,9576
3/23/2022,ALICL,907.0,915.0,900.0,905.0,8411
3/24/2022,ALICL,902.0,939.0,900.0,932.0,29122
3/27/2022,ALICL,950.0,1007.7,925.1,929.0,60312
3/28/2022,ALICL,918.1,930.0,900.0,906.0,11152
3/29/2022,ALICL,891.0,910.0,875.0,876.0,16993
3/30/2022,ALICL,862.1,889.9,862.1,887.0,19017
3/31/2022,ALICL,887.0,893.0,870.0,871.0,12414
4/3/2022,ALICL,871.0,871.1,842.0,848.0,15432
4/4/2022,ALICL,855.0,855.0,836.0,838.3,12514
4/5/2022,ALICL,826.0,826.0,807.0,815.0,18979
4/6/2022,ALICL,805.0,824.9,790.0,808.0,37433
4/7/2022,ALICL,819.0,847.0,805.2,819.0,15375
4/11/2022,ALICL,830.0,830.0,792.1,793.1,20464
4/12/2022,ALICL,808.0,808.0,780.0,786.0,18499
4/13/2022,ALICL,787.0,799.9,782.0,795.0,9986
